Data da Leitura;Vazio;Ponta;Cheias
2025-10-24 00:00:00;18322;3011;7600
2025-10-23 00:00:00;18320;3010;7597
2025-10-22 00:00:00;18311;3008;7594
2025-10-21 00:00:00;18306;3007;7592
2025-10-20 00:00:00;18300;3006;7587
2025-10-19 00:00:00;18289;3005;7585
2025-10-18 00:00:00;18277;3003;7582
2025-10-17 00:00:00;18271;3002;7579
2025-10-16 00:00:00;18270;3001;7576
2025-10-15 00:00:00;18264;3000;7573
2025-10-14 00:00:00;18258;2999;7569
2025-10-13 00:00:00;18249;2998;7567
2025-10-12 00:00:00;18237;2996;7564
2025-10-11 00:00:00;18232;2995;7561
2025-10-10 00:00:00;18227;2994;7558
2025-10-09 00:00:00;18226;2993;7555
2025-10-08 00:00:00;18219;2992;7551
2025-10-07 00:00:00;18214;2991;7549
2025-10-06 00:00:00;18206;2990;7546
2025-10-05 00:00:00;18201;2989;7544
2025-10-04 00:00:00;18194;2988;7541
2025-10-03 00:00:00;18187;2987;7538
2025-10-02 00:00:00;18183;2986;7535
2025-10-01 00:00:00;18177;2985;7532
2025-09-30 00:00:00;18171;2983;7529
2025-09-29 00:00:00;18166;2981;7526
2025-09-28 00:00:00;18164;2980;7523
2025-09-27 00:00:00;18159;2979;7520
2025-09-26 00:00:00;18154;2978;7516
2025-09-25 00:00:00;18152;2976;7513
2025-09-24 00:00:00;18144;2975;7510
2025-09-23 00:00:00;18138;2973;7508
2025-09-22 00:00:00;18128;2972;7505
2025-09-21 00:00:00;18119;2971;7502
2025-09-20 00:00:00;18112;2970;7500
2025-09-19 00:00:00;18101;2968;7496
2025-09-18 00:00:00;18095;2967;7493
2025-09-17 00:00:00;18088;2965;7490
2025-09-16 00:00:00;18078;2964;7488
2025-09-15 00:00:00;18072;2963;7485
2025-09-14 00:00:00;18066;2962;7482
2025-09-13 00:00:00;18056;2961;7479
2025-09-12 00:00:00;18050;2960;7476
2025-09-11 00:00:00;18043;2958;7473
2025-09-10 00:00:00;18033;2957;7471
2025-09-09 00:00:00;18026;2955;7467
2025-09-08 00:00:00;18020;2953;7463
2025-09-07 00:00:00;18012;2951;7458
2025-09-06 00:00:00;18003;2950;7456
2025-09-05 00:00:00;18000;2949;7453
2025-09-04 00:00:00;17990;2948;7449
2025-09-03 00:00:00;17983;2947;7446
2025-09-02 00:00:00;17975;2946;7443
2025-09-01 00:00:00;17966;2944;7440
2025-08-31 00:00:00;17961;2943;7437
2025-08-30 00:00:00;17954;2942;7435
2025-08-29 00:00:00;17949;2941;7431
2025-08-28 00:00:00;17947;2940;7428
2025-08-27 00:00:00;17941;2939;7425
2025-08-26 00:00:00;17935;2937;7422
2025-08-25 00:00:00;17926;2935;7419
2025-08-24 00:00:00;17917;2934;7417
2025-08-23 00:00:00;17907;2933;7414
2025-08-22 00:00:00;17902;2932;7411
2025-08-21 00:00:00;17896;2931;7407
2025-08-20 00:00:00;17886;2929;7403
2025-08-19 00:00:00;17877;2929;7399
2025-08-18 00:00:00;17866;2927;7394
2025-08-17 00:00:00;17861;2927;7392
2025-08-16 00:00:00;17859;2926;7390
2025-08-15 00:00:00;17857;2925;7388
2025-08-14 00:00:00;17851;2923;7383
2025-08-13 00:00:00;17841;2922;7380
2025-08-12 00:00:00;17835;2920;7376
2025-08-11 00:00:00;17829;2919;7372
2025-08-10 00:00:00;17820;2918;7369
2025-08-09 00:00:00;17812;2917;7367
2025-08-08 00:00:00;17809;2916;7364
2025-08-07 00:00:00;17800;2914;7361
2025-08-06 00:00:00;17791;2913;7357
2025-08-05 00:00:00;17786;2910;7353
2025-08-04 00:00:00;17776;2909;7349
2025-08-03 00:00:00;17768;2908;7347
2025-08-02 00:00:00;17763;2907;7343
2025-08-01 00:00:00;17760;2905;7338
2025-07-31 00:00:00;17749;2904;7335
2025-07-30 00:00:00;17740;2903;7331
2025-07-29 00:00:00;17735;2902;7328
2025-07-23 00:00:00;17696;2892;7308
2025-07-22 00:00:00;17690;2891;7305
2025-07-21 00:00:00;17680;2889;7301
2025-07-20 00:00:00;17671;2888;7299
2025-07-19 00:00:00;17665;2887;7297
2025-07-18 00:00:00;17660;2886;7293
2025-07-17 00:00:00;17654;2885;7290
2025-07-16 00:00:00;17647;2884;7287
2025-07-15 00:00:00;17641;2882;7284
2025-07-14 00:00:00;17639;2881;7281
2025-07-13 00:00:00;17637;2880;7278
2025-07-12 00:00:00;17628;2879;7273
2025-07-11 00:00:00;17623;2877;7270
2025-07-10 00:00:00;17618;2876;7266
2025-07-09 00:00:00;17608;2875;7262
2025-07-08 00:00:00;17603;2874;7259
2025-07-07 00:00:00;17601;2873;7255
2025-07-06 00:00:00;17588;2871;7251
2025-07-05 00:00:00;17575;2870;7247
2025-07-04 00:00:00;17568;2869;7243
2025-07-03 00:00:00;17563;2867;7238
2025-07-02 00:00:00;17556;2865;7235
2025-07-01 00:00:00;17550;2864;7231
2025-06-30 00:00:00;17545;2862;7227
2025-06-29 00:00:00;17536;2861;7225
2025-06-28 00:00:00;17530;2860;7223
2025-06-27 00:00:00;17523;2858;7219
2025-06-26 00:00:00;17511;2857;7217
2025-06-25 00:00:00;17504;2855;7213
2025-06-24 00:00:00;17494;2854;7211
2025-06-23 00:00:00;17487;2853;7207
2025-06-22 00:00:00;17477;2852;7205
2025-06-21 00:00:00;17472;2849;7203
2025-06-20 00:00:00;17462;2848;7199
2025-06-19 00:00:00;17449;2847;7197
2025-06-18 00:00:00;17437;2846;7194
2025-06-17 00:00:00;17429;2845;7191
2025-06-16 00:00:00;17424;2844;7189
2025-06-15 00:00:00;17418;2842;7186
2025-06-14 00:00:00;17413;2842;7184
2025-06-13 00:00:00;17411;2841;7183
2025-06-12 00:00:00;17409;2840;7181
2025-06-11 00:00:00;17407;2840;7179
2025-06-10 00:00:00;17406;2839;7178
2025-06-09 00:00:00;17397;2838;7175
2025-06-08 00:00:00;17387;2837;7173
2025-06-07 00:00:00;17381;2835;7169
2025-06-06 00:00:00;17377;2834;7165
2025-06-05 00:00:00;17373;2832;7160
2025-06-04 00:00:00;17365;2831;7157
2025-06-03 00:00:00;17359;2830;7154
2025-06-02 00:00:00;17350;2828;7151
2025-06-01 00:00:00;17342;2827;7148
2025-05-31 00:00:00;17335;2826;7146
2025-05-30 00:00:00;17322;2825;7142
2025-05-29 00:00:00;17316;2823;7139
2025-05-28 00:00:00;17312;2822;7137
2025-05-27 00:00:00;17308;2819;7129
2025-05-26 00:00:00;17300;2818;7126
2025-05-25 00:00:00;17289;2817;7124
2025-05-24 00:00:00;17279;2816;7122
2025-05-23 00:00:00;17273;2815;7118
2025-05-22 00:00:00;17267;2814;7115
2025-05-21 00:00:00;17257;2812;7112
2025-05-20 00:00:00;17251;2811;7108
2025-05-19 00:00:00;17243;2810;7105
2025-05-18 00:00:00;17236;2809;7103
2025-05-17 00:00:00;17231;2808;7100
2025-05-16 00:00:00;17219;2807;7097
2025-05-15 00:00:00;17210;2806;7094
2025-05-14 00:00:00;17205;2805;7092
2025-05-13 00:00:00;17200;2804;7087
2025-05-12 00:00:00;17188;2803;7084
2025-05-11 00:00:00;17178;2801;7082
2025-05-10 00:00:00;17167;2800;7080
2025-05-09 00:00:00;17160;2799;7076
2025-05-08 00:00:00;17154;2798;7072
2025-05-07 00:00:00;17145;2797;7069
2025-05-06 00:00:00;17135;2796;7066
2025-05-05 00:00:00;17128;2794;7061
2025-05-04 00:00:00;17121;2792;7043
2025-05-03 00:00:00;17116;2791;7040
2025-05-02 00:00:00;17109;2790;7036
2025-05-01 00:00:00;17097;2788;7032
2025-04-30 00:00:00;17088;2787;7029
2025-04-29 00:00:00;17082;2785;7026
2025-04-28 00:00:00;17073;2785;7025
2025-04-27 00:00:00;17060;2783;7023
2025-04-26 00:00:00;17054;2782;7020
2025-04-25 00:00:00;17044;2781;7018
2025-04-24 00:00:00;17037;2780;7015
2025-04-23 00:00:00;17026;2779;7012
2025-04-22 00:00:00;17016;2778;7009
2025-04-21 00:00:00;17011;2777;7005
2025-04-20 00:00:00;17005;2775;7001
2025-04-19 00:00:00;16998;2773;6998
2025-04-18 00:00:00;16988;2772;6995
2025-04-17 00:00:00;16980;2771;6992
2025-04-16 00:00:00;16972;2770;6988
2025-04-15 00:00:00;16963;2769;6984
2025-04-14 00:00:00;16952;2768;6978
2025-04-13 00:00:00;16947;2766;6975
2025-04-12 00:00:00;16943;2765;6973
2025-04-11 00:00:00;16936;2764;6969
2025-04-10 00:00:00;16927;2762;6966
2025-04-09 00:00:00;16920;2761;6961
2025-04-08 00:00:00;16911;2760;6958
2025-04-07 00:00:00;16906;2758;6954
2025-04-06 00:00:00;16892;2757;6951
2025-04-05 00:00:00;16881;2755;6947
2025-04-04 00:00:00;16875;2753;6943
2025-04-03 00:00:00;16871;2752;6939
2025-04-02 00:00:00;16860;2751;6936
2025-04-01 00:00:00;16856;2749;6931
2025-03-31 00:00:00;16849;2748;6928
2025-03-30 00:00:00;16835;2747;6925
2025-03-29 00:00:00;16829;2745;6923
2025-03-28 00:00:00;16825;2743;6919
2025-03-27 00:00:00;16819;2740;6916
2025-03-26 00:00:00;16811;2739;6911
2025-03-25 00:00:00;16802;2737;6907
2025-03-24 00:00:00;16789;2736;6903
2025-03-23 00:00:00;16779;2734;6900
2025-03-22 00:00:00;16773;2732;6897
2025-03-21 00:00:00;16768;2730;6892
2025-03-20 00:00:00;16763;2728;6888
2025-03-19 00:00:00;16755;2727;6884
2025-03-18 00:00:00;16748;2726;6879
2025-03-17 00:00:00;16737;2725;6876
2025-03-16 00:00:00;16722;2724;6873
2025-03-15 00:00:00;16715;2722;6870
2025-03-14 00:00:00;16712;2721;6866
2025-03-13 00:00:00;16706;2719;6862
2025-03-12 00:00:00;16703;2718;6859
2025-03-11 00:00:00;16697;2717;6855
2025-03-10 00:00:00;16693;2714;6851
2025-03-09 00:00:00;16683;2712;6846
2025-03-08 00:00:00;16669;2712;6843
2025-03-07 00:00:00;16663;2710;6840
2025-03-06 00:00:00;16652;2709;6835
2025-03-05 00:00:00;16643;2708;6831
2025-03-04 00:00:00;16639;2707;6827
2025-03-03 00:00:00;16634;2705;6823
2025-03-02 00:00:00;16628;2703;6818
2025-03-01 00:00:00;16616;2702;6815
2025-02-28 00:00:00;16613;2701;6812
2025-02-27 00:00:00;16610;2699;6809
2025-02-26 00:00:00;16602;2697;6805
2025-02-25 00:00:00;16596;2696;6803
2025-02-24 00:00:00;16589;2694;6798
2025-02-23 00:00:00;16580;2694;6794
2025-02-22 00:00:00;16571;2692;6791
2025-02-21 00:00:00;16567;2690;6788
2025-02-20 00:00:00;16561;2689;6783
2025-02-19 00:00:00;16548;2687;6779
2025-02-18 00:00:00;16541;2686;6775
2025-02-17 00:00:00;16529;2684;6771
2025-02-16 00:00:00;16523;2682;6768
2025-02-15 00:00:00;16519;2681;6765
2025-02-14 00:00:00;16512;2679;6762
2025-02-13 00:00:00;16503;2677;6756
2025-02-12 00:00:00;16493;2675;6752
2025-02-11 00:00:00;16484;2674;6748
2025-02-10 00:00:00;16477;2672;6744
2025-02-09 00:00:00;16473;2671;6740
2025-02-08 00:00:00;16466;2669;6736
2025-02-07 00:00:00;16456;2667;6733
2025-02-06 00:00:00;16454;2665;6729
2025-02-05 00:00:00;16442;2663;6726
2025-02-04 00:00:00;16427;2661;6722
2025-02-03 00:00:00;16419;2658;6718
2025-02-02 00:00:00;16412;2656;6711
2025-02-01 00:00:00;16405;2654;6705
2025-01-31 00:00:00;16394;2652;6700
2025-01-30 00:00:00;16387;2650;6694
2025-01-29 00:00:00;16376;2648;6689
2025-01-28 00:00:00;16369;2646;6685
2025-01-27 00:00:00;16360;2645;6680
2025-01-26 00:00:00;16353;2642;6673
2025-01-25 00:00:00;16348;2640;6669
2025-01-24 00:00:00;16341;2638;6664
2025-01-23 00:00:00;16337;2636;6658
2025-01-22 00:00:00;16328;2633;6651
2025-01-21 00:00:00;16315;2631;6643
2025-01-20 00:00:00;16308;2628;6637
2025-01-19 00:00:00;16299;2627;6632
2025-01-18 00:00:00;16292;2626;6629
2025-01-17 00:00:00;16289;2624;6625
2025-01-16 00:00:00;16277;2621;6618
2025-01-15 00:00:00;16268;2619;6611
2025-01-14 00:00:00;16264;2617;6606
2025-01-13 00:00:00;16256;2615;6602
2025-01-12 00:00:00;16245;2613;6599
2025-01-11 00:00:00;16238;2611;6592
2025-01-10 00:00:00;16231;2609;6585
2025-01-09 00:00:00;16225;2606;6577
2025-01-08 00:00:00;16213;2603;6569
2025-01-07 00:00:00;16203;2600;6562
2025-01-06 00:00:00;16197;2598;6555
2025-01-05 00:00:00;16190;2594;6546
2025-01-04 00:00:00;16183;2592;6542
2025-01-03 00:00:00;16175;2588;6530
2025-01-02 00:00:00;16165;2584;6524
2025-01-01 00:00:00;16156;2583;6520
2024-12-31 00:00:00;16152;2582;6517
2024-12-30 00:00:00;16144;2581;6514
2024-12-29 00:00:00;16137;2578;6509
2024-12-28 00:00:00;16130;2575;6504
2024-12-27 00:00:00;16126;2573;6500
2024-12-26 00:00:00;16118;2571;6493
2024-12-25 00:00:00;16105;2569;6489
2024-12-24 00:00:00;16087;2561;6475
2024-12-23 00:00:00;16082;2559;6470
2024-12-22 00:00:00;16072;2557;6465
2024-12-21 00:00:00;16062;2555;6459
2024-12-20 00:00:00;16046;2552;6454
2024-12-19 00:00:00;16032;2549;6448
2024-12-18 00:00:00;16024;2548;6442
2024-12-17 00:00:00;16014;2545;6435
2024-12-16 00:00:00;16004;2543;6430
2024-12-15 00:00:00;15996;2542;6427
2024-12-14 00:00:00;15989;2539;6421
2024-12-13 00:00:00;15983;2537;6414
2024-12-12 00:00:00;15977;2535;6410
2024-12-11 00:00:00;15969;2532;6403
2024-12-10 00:00:00;15958;2531;6398
2024-12-09 00:00:00;15953;2529;6391
2024-12-08 00:00:00;15944;2529;6386
2024-12-07 00:00:00;15941;2527;6383
2024-12-06 00:00:00;15938;2526;6381
2024-12-05 00:00:00;15932;2525;6378
2024-12-04 00:00:00;15926;2524;6372
2024-12-03 00:00:00;15920;2523;6368
2024-12-02 00:00:00;15918;2521;6364
2024-12-01 00:00:00;15907;2519;6361
2024-11-30 00:00:00;15905;2518;6358
2024-11-29 00:00:00;15897;2517;6354
2024-11-28 00:00:00;15892;2515;6350
2024-11-27 00:00:00;15885;2514;6347
2024-11-26 00:00:00;15879;2513;6344
2024-11-25 00:00:00;15875;2511;6340
2024-11-24 00:00:00;15865;2510;6337
2024-11-23 00:00:00;15861;2508;6332
2024-11-22 00:00:00;15858;2507;6327
2024-11-21 00:00:00;15847;2506;6324
2024-11-20 00:00:00;15839;2505;6321
2024-11-19 00:00:00;15833;2503;6316
2024-11-18 00:00:00;15831;2502;6313
2024-11-17 00:00:00;15824;2501;6310
2024-11-16 00:00:00;15818;2500;6307
2024-11-15 00:00:00;15816;2499;6305
2024-11-02 00:00:00;15730;2480;6260
2024-10-02 00:00:00;15525;2435;6151
2024-10-01 00:00:00;15518;2434;6147
2024-09-30 00:00:00;15513;2433;6144
2024-09-29 00:00:00;15507;2432;6141
2024-09-28 00:00:00;15500;2431;6138
2024-09-27 00:00:00;15491;2430;6135
2024-09-26 00:00:00;15485;2429;6132
2024-09-25 00:00:00;15475;2427;6128
2024-09-24 00:00:00;15470;2424;6125
2024-09-23 00:00:00;15464;2423;6122
2024-09-22 00:00:00;15454;2422;6120
2024-09-21 00:00:00;15446;2421;6117
2024-09-20 00:00:00;15436;2420;6114
2024-09-19 00:00:00;15431;2419;6110
2024-09-18 00:00:00;15424;2418;6107
2024-09-17 00:00:00;15418;2417;6104
2024-09-16 00:00:00;15411;2415;6101
2024-09-15 00:00:00;15401;2414;6098
2024-09-14 00:00:00;15391;2413;6096
2024-09-13 00:00:00;15383;2412;6093
2024-09-12 00:00:00;15378;2411;6090
2024-09-11 00:00:00;15369;2409;6086
2024-09-10 00:00:00;15359;2408;6083
2024-09-09 00:00:00;15348;2407;6081
2024-09-08 00:00:00;15342;2406;6079
2024-09-07 00:00:00;15334;2405;6077
2024-09-06 00:00:00;15329;2404;6072
2024-09-05 00:00:00;15324;2403;6070
2024-09-04 00:00:00;15317;2402;6067
2024-09-03 00:00:00;15311;2401;6063
2024-09-02 00:00:00;15304;2400;6061
2024-09-01 00:00:00;15299;2399;6058
2024-08-31 00:00:00;15297;2398;6056
2024-08-30 00:00:00;15292;2397;6054
2024-08-29 00:00:00;15278;2396;6052
2024-08-28 00:00:00;15271;2394;6045
2024-08-27 00:00:00;15265;2393;6042
2024-08-26 00:00:00;15259;2391;6039
2024-08-25 00:00:00;15249;2390;6037
2024-08-24 00:00:00;15243;2389;6035
2024-08-23 00:00:00;15237;2388;6031
2024-08-22 00:00:00;15231;2387;6028
2024-08-21 00:00:00;15221;2386;6025
2024-08-20 00:00:00;15210;2385;6023
2024-08-19 00:00:00;15203;2383;6020
2024-08-18 00:00:00;15194;2380;6017
2024-08-17 00:00:00;15182;2378;6014
2024-08-16 00:00:00;15175;2378;6011
2024-08-15 00:00:00;15164;2376;6009
2024-08-14 00:00:00;15154;2375;6006
2024-08-13 00:00:00;15148;2374;6003
2024-08-10 00:00:00;15124;2371;5993
2024-08-09 00:00:00;15120;2370;5990
2024-08-08 00:00:00;15118;2369;5987
2024-08-07 00:00:00;15110;2368;5985
2024-08-06 00:00:00;15099;2366;5981
2024-08-05 00:00:00;15088;2365;5979
2024-08-04 00:00:00;15077;2364;5976
2024-08-03 00:00:00;15073;2363;5974
2024-08-02 00:00:00;15070;2361;5970
2024-08-01 00:00:00;15068;2360;5967
2024-07-31 00:00:00;15061;2358;5964
2024-07-30 00:00:00;15055;2357;5961
2024-07-29 00:00:00;15045;2356;5957
2024-07-28 00:00:00;15037;2355;5954
2024-07-27 00:00:00;15034;2354;5952
2024-07-26 00:00:00;15026;2352;5949
2024-07-25 00:00:00;15021;2351;5946
2024-07-25 00:00:00;15026;2352;5949
2024-07-24 00:00:00;15013;2350;5943
2024-07-23 00:00:00;15006;2348;5940
2024-07-22 00:00:00;14998;2347;5937
2024-07-21 00:00:00;14990;2346;5935
2024-07-20 00:00:00;14984;2345;5933
2024-07-19 00:00:00;14980;2344;5929
2024-07-18 00:00:00;14978;2343;5926
2024-07-17 00:00:00;14970;2342;5924
2024-07-16 00:00:00;14964;2341;5921
2024-07-15 00:00:00;14958;2339;5918
2024-07-14 00:00:00;14947;2338;5916
2024-07-13 00:00:00;14944;2337;5913
2024-07-12 00:00:00;14936;2336;5911
2024-07-11 00:00:00;14931;2334;5908
2024-07-10 00:00:00;14926;2332;5905
2024-07-09 00:00:00;14920;2330;5900
2024-07-08 00:00:00;14916;2329;5898
2024-07-07 00:00:00;14912;2328;5895
2024-07-06 00:00:00;14910;2327;5893
2024-07-05 00:00:00;14908;2326;5889
2024-07-04 00:00:00;14905;2325;5887
2024-07-03 00:00:00;14903;2324;5884
2024-07-02 00:00:00;14900;2322;5881
2024-07-01 00:00:00;14898;2322;5879
2024-06-30 00:00:00;14896;2320;5876
2024-06-29 00:00:00;14894;2320;5875
2024-06-28 00:00:00;14892;2319;5873
2024-06-27 00:00:00;14891;2318;5871
2024-06-26 00:00:00;14889;2318;5869
2024-06-25 00:00:00;14887;2317;5868
2024-06-24 00:00:00;14885;2316;5866
2024-06-23 00:00:00;14884;2316;5864
2024-06-22 00:00:00;14882;2315;5863
2024-06-21 00:00:00;14880;2314;5861
2024-06-20 00:00:00;14879;2314;5859
2024-06-19 00:00:00;14877;2313;5857
2024-06-18 00:00:00;14874;2312;5856
2024-06-17 00:00:00;14870;2311;5853
2024-06-16 00:00:00;14866;2309;5851
2024-06-15 00:00:00;14863;2308;5846
2024-06-14 00:00:00;14860;2307;5840
2024-06-13 00:00:00;14856;2306;5838
2024-06-12 00:00:00;14854;2305;5835
2024-06-11 00:00:00;14852;2304;5832
2024-06-10 00:00:00;14848;2303;5829
2024-06-09 00:00:00;14846;2302;5824
2024-06-08 00:00:00;14842;2301;5819
2024-06-07 00:00:00;14840;2299;5816
2024-06-06 00:00:00;14838;2298;5814
2024-06-05 00:00:00;14834;2297;5811
2024-06-04 00:00:00;14830;2296;5807
2024-06-03 00:00:00;14826;2296;5804
2024-06-02 00:00:00;14818;2295;5801
2024-06-01 00:00:00;14811;2294;5799
2024-05-31 00:00:00;14809;2293;5796
2024-05-30 00:00:00;14805;2291;5794
2024-05-29 00:00:00;14801;2290;5790
2024-05-28 00:00:00;14799;2289;5786
2024-05-27 00:00:00;14788;2288;5783
2024-05-26 00:00:00;14781;2286;5781
2024-05-25 00:00:00;14772;2285;5777
2024-05-24 00:00:00;14770;2284;5775
2024-05-23 00:00:00;14768;2282;5771
2024-05-22 00:00:00;14758;2281;5768
2024-05-21 00:00:00;14748;2279;5766
2024-05-20 00:00:00;14740;2279;5763
2024-05-19 00:00:00;14733;2276;5760
2024-05-18 00:00:00;14721;2275;5757
2024-05-17 00:00:00;14715;2274;5754
2024-05-16 00:00:00;14711;2273;5750
2024-05-15 00:00:00;14702;2272;5748
2024-05-14 00:00:00;14696;2271;5745
2024-05-13 00:00:00;14685;2269;5742
2024-05-12 00:00:00;14674;2268;5740
2024-05-11 00:00:00;14663;2267;5737
2024-05-10 00:00:00;14659;2265;5733
2024-05-09 00:00:00;14654;2264;5731
2024-05-08 00:00:00;14644;2263;5727
2024-05-07 00:00:00;14634;2261;5724
2024-05-06 00:00:00;14627;2260;5721
2024-05-05 00:00:00;14620;2258;5718
2024-05-04 00:00:00;14612;2257;5714
2024-05-03 00:00:00;14607;2256;5711
2024-05-02 00:00:00;14605;2255;5708
2024-05-01 00:00:00;14595;2254;5705
2024-04-30 00:00:00;14591;2253;5702
2024-04-29 00:00:00;14584;2250;5698
2024-04-28 00:00:00;14576;2249;5696
2024-04-27 00:00:00;14573;2247;5692
2024-04-26 00:00:00;14569;2246;5689
2024-04-25 00:00:00;14566;2245;5687
2024-04-24 00:00:00;14557;2244;5684
2024-04-23 00:00:00;14545;2242;5681
2024-04-22 00:00:00;14537;2242;5678
2024-04-21 00:00:00;14528;2240;5676
2024-04-20 00:00:00;14518;2239;5674
2024-04-19 00:00:00;14514;2238;5670
2024-04-18 00:00:00;14508;2237;5667
2024-04-17 00:00:00;14497;2235;5665
2024-04-16 00:00:00;14491;2234;5662
2024-04-15 00:00:00;14485;2232;5659
2024-04-14 00:00:00;14478;2230;5656
2024-04-13 00:00:00;14469;2230;5654
2024-04-12 00:00:00;14460;2229;5651
2024-04-11 00:00:00;14454;2227;5647
2024-04-10 00:00:00;14444;2226;5645
2024-04-09 00:00:00;14434;2225;5642
2024-04-08 00:00:00;14419;2224;5639
2024-04-07 00:00:00;14410;2222;5637
2024-04-06 00:00:00;14397;2221;5634
2024-04-05 00:00:00;14393;2220;5631
2024-04-04 00:00:00;14386;2219;5629
2024-04-03 00:00:00;14378;2218;5626
2024-04-02 00:00:00;14371;2217;5624
2024-04-01 00:00:00;14366;2216;5620
2024-03-31 00:00:00;14358;2214;5618
2024-03-30 00:00:00;14354;2213;5615
2024-03-29 00:00:00;14352;2212;5612
2024-03-28 00:00:00;14347;2211;5609
2024-03-27 00:00:00;14340;2210;5606
2024-03-26 00:00:00;14329;2208;5603
2024-03-25 00:00:00;14323;2207;5600
2024-03-24 00:00:00;14316;2206;5596
2024-03-23 00:00:00;14310;2205;5593
2024-03-22 00:00:00;14307;2204;5590
2024-03-21 00:00:00;14303;2203;5587
2024-03-20 00:00:00;14296;2201;5584
2024-03-18 00:00:00;14277;2199;5579
2024-03-17 00:00:00;14263;2198;5576
2024-03-16 00:00:00;14260;2197;5574
2024-03-15 00:00:00;14258;2196;5570
2024-03-14 00:00:00;14255;2195;5568
2024-03-13 00:00:00;14245;2193;5565
2024-03-12 00:00:00;14238;2191;5560
2024-03-11 00:00:00;14230;2190;5558
2024-03-10 00:00:00;14225;2189;5555
2024-03-09 00:00:00;14219;2188;5551
2024-03-08 00:00:00;14217;2187;5547
2024-03-07 00:00:00;14214;2186;5543
2024-03-06 00:00:00;14208;2185;5540
2024-03-05 00:00:00;14198;2184;5538
2024-03-04 00:00:00;14187;2183;5534
2024-03-03 00:00:00;14176;2182;5532
2024-03-02 00:00:00;14170;2181;5530
2024-03-01 00:00:00;14167;2179;5527
2024-02-29 00:00:00;14164;2178;5523
2024-02-28 00:00:00;14158;2177;5517
2024-02-27 00:00:00;14147;2175;5515
2024-02-26 00:00:00;14138;2174;5513
2024-02-25 00:00:00;14131;2172;5509
2024-02-24 00:00:00;14129;2171;5506
2024-02-23 00:00:00;14122;2171;5503
2024-02-22 00:00:00;14117;2169;5500
2024-02-21 00:00:00;14110;2168;5496
2024-02-20 00:00:00;14103;2167;5493
2024-02-19 00:00:00;14093;2166;5491
2024-02-18 00:00:00;14085;2165;5488
2024-02-17 00:00:00;14076;2164;5485
2024-02-16 00:00:00;14074;2163;5481
2024-02-15 00:00:00;14071;2162;5478
2024-02-14 00:00:00;14066;2160;5474
2024-02-13 00:00:00;14054;2159;5471
2024-02-12 00:00:00;14047;2158;5468
2024-02-11 00:00:00;14037;2157;5465
2024-02-10 00:00:00;14030;2156;5463
2024-02-09 00:00:00;14023;2155;5459
2024-02-08 00:00:00;14015;2154;5456
2024-02-07 00:00:00;14004;2153;5453
2024-02-06 00:00:00;13994;2151;5449
2024-02-05 00:00:00;13985;2150;5446
2024-02-04 00:00:00;13979;2149;5444
2024-02-03 00:00:00;13974;2147;5440
2024-02-02 00:00:00;13974;2147;5440
2024-02-02 00:00:00;13968;2146;5437
2024-02-01 00:00:00;13964;2145;5435
2024-01-31 00:00:00;13954;2143;5432
2024-01-30 00:00:00;13944;2142;5428
2024-01-29 00:00:00;13935;2141;5425
2024-01-28 00:00:00;13923;2140;5423
2024-01-27 00:00:00;13920;2138;5419
2024-01-26 00:00:00;13918;2137;5417
2024-01-25 00:00:00;13916;2136;5413
2024-01-24 00:00:00;13913;2135;5410
2024-01-23 00:00:00;13908;2134;5407
2024-01-22 00:00:00;13898;2133;5404
2024-01-21 00:00:00;13888;2131;5401
2024-01-20 00:00:00;13881;2130;5398
2024-01-19 00:00:00;13874;2128;5393
2024-01-18 00:00:00;13867;2127;5390
2024-01-17 00:00:00;13861;2125;5387
2024-01-16 00:00:00;13855;2124;5381
2024-01-15 00:00:00;13844;2122;5378
2024-01-14 00:00:00;13837;2121;5376
2024-01-13 00:00:00;13830;2120;5373
2024-01-12 00:00:00;13824;2119;5370
2024-01-11 00:00:00;13816;2118;5367
2024-01-10 00:00:00;13812;2117;5365
2024-01-09 00:00:00;13805;2116;5361
2024-01-08 00:00:00;13798;2115;5359
2024-01-07 00:00:00;13794;2114;5356
2024-01-06 00:00:00;13785;2111;5351
2024-01-05 00:00:00;13778;2110;5348
2024-01-04 00:00:00;13772;2109;5345
2024-01-03 00:00:00;13768;2108;5341
2024-01-02 00:00:00;13765;2107;5338
2024-01-01 00:00:00;13762;2106;5334
2023-12-31 00:00:00;13755;2103;5326
2023-12-30 00:00:00;13748;2101;5324
2023-12-29 00:00:00;13740;2099;5316
2023-12-28 00:00:00;13728;2099;5312
2023-12-27 00:00:00;13717;2098;5309
2023-12-26 00:00:00;13711;2097;5306
2023-12-25 00:00:00;13697;2095;5301
2023-12-24 00:00:00;13691;2094;5299
2023-12-23 00:00:00;13683;2093;5295
2023-12-22 00:00:00;13673;2092;5292
2023-12-21 00:00:00;13660;2091;5290
2023-12-20 00:00:00;13655;2090;5288
2023-12-19 00:00:00;13649;2087;5284
2023-12-18 00:00:00;13641;2085;5280
2023-12-17 00:00:00;13636;2081;5277
2023-12-16 00:00:00;13628;2078;5272
2023-12-15 00:00:00;13622;2076;5268
2023-12-14 00:00:00;13611;2075;5266
2023-12-13 00:00:00;13605;2075;5265
2023-12-12 00:00:00;13603;2074;5262
2023-12-11 00:00:00;13601;2072;5259
2023-12-10 00:00:00;13590;2070;5253
2023-12-09 00:00:00;13587;2069;5249
2023-12-08 00:00:00;13578;2068;5245
2023-12-07 00:00:00;13570;2067;5243
2023-12-06 00:00:00;13561;2066;5241
2023-12-05 00:00:00;13554;2064;5237
2023-12-04 00:00:00;13545;2063;5234
2023-12-03 00:00:00;13535;2062;5231
2023-12-02 00:00:00;13533;2061;5229
2023-12-01 00:00:00;13526;2059;5225
2023-11-30 00:00:00;13522;2058;5222
2023-11-29 00:00:00;13519;2057;5219
2023-11-28 00:00:00;13514;2056;5215
2023-11-27 00:00:00;13507;2055;5212
2023-11-26 00:00:00;13505;2053;5209
2023-11-25 00:00:00;13501;2052;5204
2023-11-24 00:00:00;13494;2051;5201
2023-11-23 00:00:00;13489;2050;5199
2023-11-22 00:00:00;13483;2048;5197
2023-11-21 00:00:00;13476;2047;5195
2023-11-20 00:00:00;13474;2046;5191
2023-11-19 00:00:00;13468;2045;5188
2023-11-18 00:00:00;13458;2043;5183
2023-11-17 00:00:00;13448;2042;5180
2023-11-16 00:00:00;13441;2041;5178
2023-11-15 00:00:00;13430;2040;5176
2023-11-14 00:00:00;13424;2039;5174
2023-11-13 00:00:00;13416;2037;5170
2023-11-12 00:00:00;13409;2036;5168
2023-11-11 00:00:00;13403;2034;5165
2023-11-10 00:00:00;13393;2033;5161
2023-11-09 00:00:00;13387;2032;5158
2023-11-08 00:00:00;13377;2031;5154
2023-11-07 00:00:00;13367;2030;5151
2023-11-06 00:00:00;13360;2028;5148
2023-11-05 00:00:00;13354;2027;5144
2023-11-04 00:00:00;13341;2026;5141
2023-11-03 00:00:00;13334;2025;5138
2023-11-02 00:00:00;13328;2023;5135
2023-11-01 00:00:00;13323;2022;5131
2023-10-31 00:00:00;13320;2021;5129
2023-10-30 00:00:00;13315;2020;5125
2023-10-29 00:00:00;13303;2019;5123
2023-10-28 00:00:00;13299;2018;5120
2023-10-27 00:00:00;13290;2017;5117
2023-10-26 00:00:00;13283;2015;5115
2023-10-25 00:00:00;13278;2014;5112
2023-10-24 00:00:00;13266;2013;5109
2023-10-23 00:00:00;13262;2012;5107
2023-10-22 00:00:00;13256;2011;5103
2023-10-21 00:00:00;13250;2010;5101
2023-10-20 00:00:00;13246;2009;5098
2023-10-19 00:00:00;13238;2008;5095
2023-10-18 00:00:00;13233;2007;5091
2023-10-17 00:00:00;13231;2005;5088
2023-10-16 00:00:00;13226;2004;5085
2023-10-15 00:00:00;13216;2003;5081
2023-10-14 00:00:00;13212;2002;5078
2023-10-13 00:00:00;13204;2001;5075
2023-10-12 00:00:00;13198;2000;5072
2023-10-11 00:00:00;13192;1999;5070
2023-10-10 00:00:00;13185;1998;5067
2023-10-09 00:00:00;13182;1997;5064
2023-10-08 00:00:00;13176;1996;5061
2023-10-07 00:00:00;13170;1995;5058
2023-10-06 00:00:00;13168;1994;5057
2023-10-05 00:00:00;13164;1993;5055
2023-10-04 00:00:00;13159;1991;5052
2023-10-03 00:00:00;13153;1989;5049
2023-10-02 00:00:00;13148;1988;5047
2023-10-01 00:00:00;13141;1987;5043
2023-09-30 00:00:00;13133;1986;5040
2023-09-29 00:00:00;13124;1985;5038
2023-09-28 00:00:00;13113;1983;5036
2023-09-27 00:00:00;13099;1981;5032
2023-09-26 00:00:00;13095;1980;5030
2023-09-25 00:00:00;13089;1979;5027
2023-09-24 00:00:00;13080;1978;5022
2023-09-23 00:00:00;13071;1977;5019
2023-09-22 00:00:00;13068;1976;5017
2023-09-21 00:00:00;13062;1975;5013
2023-09-20 00:00:00;13050;1973;5010
2023-09-19 00:00:00;13041;1972;5008
2023-09-18 00:00:00;13031;1971;5006
2023-09-17 00:00:00;13020;1970;5003
2023-09-16 00:00:00;13013;1968;5001
2023-09-15 00:00:00;13005;1967;4999
2023-09-14 00:00:00;12997;1966;4996
2023-09-13 00:00:00;12982;1966;4992
2023-09-12 00:00:00;12980;1964;4989
2023-09-11 00:00:00;12978;1963;4985
2023-09-10 00:00:00;12972;1962;4982
2023-09-09 00:00:00;12965;1961;4980
2023-09-08 00:00:00;12962;1960;4976
2023-09-07 00:00:00;12953;1958;4974
2023-09-06 00:00:00;12946;1957;4971
2023-09-05 00:00:00;12937;1957;4968
2023-09-04 00:00:00;12932;1956;4965
2023-09-03 00:00:00;12928;1955;4962
2023-09-02 00:00:00;12922;1953;4958
2023-09-01 00:00:00;12916;1952;4956
2023-08-31 00:00:00;12914;1952;4954
2023-08-30 00:00:00;12913;1951;4952
2023-08-29 00:00:00;12911;1950;4951
2023-08-28 00:00:00;12909;1949;4949
2023-08-27 00:00:00;12907;1949;4947
2023-08-26 00:00:00;12905;1948;4945
2023-08-25 00:00:00;12903;1947;4943
2023-08-24 00:00:00;12901;1947;4941
2023-08-23 00:00:00;12900;1945;4939
2023-08-22 00:00:00;12898;1944;4937
2023-08-21 00:00:00;12896;1944;4935
2023-08-20 00:00:00;12894;1942;4934
2023-08-19 00:00:00;12892;1941;4932
2023-08-18 00:00:00;12890;1939;4930
2023-08-17 00:00:00;12884;1937;4926
2023-08-16 00:00:00;12873;1936;4923
2023-08-15 00:00:00;12862;1935;4920
2023-08-14 00:00:00;12850;1935;4918
2023-08-13 00:00:00;12840;1934;4915
2023-08-12 00:00:00;12833;1932;4913
2023-08-11 00:00:00;12822;1931;4909
2023-08-10 00:00:00;12813;1930;4906
2023-08-09 00:00:00;12807;1929;4903
2023-08-08 00:00:00;12802;1928;4898
2023-08-07 00:00:00;12796;1927;4896
2023-08-06 00:00:00;12789;1926;4893
2023-08-05 00:00:00;12783;1925;4889
2023-08-04 00:00:00;12783;1925;4889
2023-08-04 00:00:00;12776;1924;4886
2023-08-03 00:00:00;12762;1921;4883
2023-08-02 00:00:00;12751;1919;4880
2023-08-01 00:00:00;12741;1918;4878
2023-07-31 00:00:00;12739;1917;4875
2023-07-30 00:00:00;12737;1916;4873
2023-07-29 00:00:00;12731;1915;4870
2023-07-28 00:00:00;12719;1915;4869
2023-07-27 00:00:00;12711;1914;4867
2023-07-26 00:00:00;12701;1913;4864
2023-07-25 00:00:00;12692;1912;4862
2023-07-24 00:00:00;12686;1911;4860
2023-07-23 00:00:00;12679;1910;4858
2023-07-22 00:00:00;12668;1908;4855
2023-07-21 00:00:00;12658;1907;4851
2023-07-20 00:00:00;12652;1906;4849
2023-07-19 00:00:00;12640;1905;4847
2023-07-18 00:00:00;12632;1904;4843
2023-07-17 00:00:00;12619;1902;4841
2023-07-16 00:00:00;12611;1901;4838
2023-07-15 00:00:00;12602;1899;4835
2023-07-14 00:00:00;12596;1899;4833
2023-07-13 00:00:00;12590;1898;4831
2023-07-12 00:00:00;12578;1897;4828
2023-07-11 00:00:00;12566;1896;4826
2023-07-10 00:00:00;12559;1895;4823
2023-07-08 00:00:00;12540;1893;4818
2023-07-07 00:00:00;12532;1892;4815
2023-07-06 00:00:00;12522;1891;4813
2023-07-05 00:00:00;12516;1890;4811
2023-07-04 00:00:00;12510;1889;4808
2023-07-03 00:00:00;12500;1888;4806
2023-07-02 00:00:00;12496;1887;4802
2023-07-01 00:00:00;12494;1886;4800
2023-06-30 00:00:00;12488;1884;4797
2023-06-29 00:00:00;12481;1883;4793
2023-06-28 00:00:00;12476;1882;4791
2023-06-27 00:00:00;12473;1881;4787
2023-06-26 00:00:00;12467;1878;4784
2023-06-25 00:00:00;12457;1877;4781
2023-06-24 00:00:00;12452;1876;4778
2023-06-23 00:00:00;12446;1875;4774
2023-06-22 00:00:00;12440;1875;4772
2023-06-21 00:00:00;12435;1873;4769
2023-06-20 00:00:00;12433;1873;4767
2023-06-19 00:00:00;12430;1871;4763
2023-06-18 00:00:00;12424;1870;4760
2023-06-17 00:00:00;12415;1867;4755
2023-06-16 00:00:00;12407;1866;4753
2023-06-15 00:00:00;12400;1866;4750
2023-06-14 00:00:00;12392;1865;4748
2023-06-13 00:00:00;12385;1864;4746
2023-06-12 00:00:00;12376;1863;4743
2023-06-11 00:00:00;12371;1862;4741
2023-06-10 00:00:00;12360;1861;4739
2023-06-09 00:00:00;12356;1859;4736
2023-06-08 00:00:00;12350;1858;4732
2023-06-07 00:00:00;12344;1857;4730
2023-06-06 00:00:00;12339;1856;4727
2023-06-05 00:00:00;12330;1855;4723
2023-06-04 00:00:00;12317;1853;4721
2023-06-03 00:00:00;12309;1852;4718
2023-06-02 00:00:00;12299;1851;4715
2023-06-01 00:00:00;12294;1850;4712
2023-05-31 00:00:00;12291;1849;4709
2023-05-30 00:00:00;12284;1847;4706
2023-05-29 00:00:00;12275;1846;4701
2023-05-28 00:00:00;12270;1845;4699
2023-05-27 00:00:00;12268;1844;4697
2023-05-26 00:00:00;12266;1844;4695
2023-05-25 00:00:00;12264;1843;4693
2023-05-24 00:00:00;12262;1842;4691
2023-05-23 00:00:00;12260;1841;4689
2023-05-22 00:00:00;12258;1840;4687
2023-05-21 00:00:00;12255;1839;4681
2023-05-20 00:00:00;12247;1837;4677
2023-05-19 00:00:00;12241;1836;4673
2023-05-18 00:00:00;12231;1835;4671
2023-05-17 00:00:00;12224;1834;4666
2023-05-16 00:00:00;12221;1832;4662
2023-05-15 00:00:00;12217;1831;4658
2023-05-14 00:00:00;12214;1829;4652
2023-05-13 00:00:00;12201;1827;4645
2023-05-12 00:00:00;12195;1826;4639
2023-05-11 00:00:00;12182;1824;4635
2023-05-10 00:00:00;12176;1823;4633
2023-05-09 00:00:00;12165;1822;4630
2023-05-08 00:00:00;12151;1821;4626
2023-05-07 00:00:00;12144;1819;4623
2023-05-06 00:00:00;12131;1818;4620
2023-05-05 00:00:00;12125;1817;4618
2023-05-04 00:00:00;12117;1816;4614
2023-05-03 00:00:00;12110;1815;4611
2023-05-02 00:00:00;12103;1814;4609
2023-05-01 00:00:00;12096;1812;4607
2023-04-30 00:00:00;12085;1810;4603
2023-04-29 00:00:00;12075;1809;4600
2023-04-28 00:00:00;12067;1808;4597
2023-04-27 00:00:00;12060;1806;4595
2023-04-26 00:00:00;12048;1805;4592
2023-04-25 00:00:00;12039;1804;4589
2023-04-24 00:00:00;12029;1803;4585
2023-04-23 00:00:00;12021;1801;4578
2023-04-22 00:00:00;12016;1799;4573
2023-04-21 00:00:00;12009;1798;4569
2023-04-20 00:00:00;12006;1797;4564
2023-04-19 00:00:00;11999;1794;4560
2023-04-18 00:00:00;11988;1793;4557
2023-04-17 00:00:00;11982;1792;4554
2023-04-16 00:00:00;11974;1791;4551
2023-04-15 00:00:00;11967;1790;4548
2023-04-14 00:00:00;11957;1789;4546
2023-04-13 00:00:00;11950;1787;4542
2023-04-12 00:00:00;11946;1786;4538
2023-04-11 00:00:00;11941;1785;4536
2023-04-10 00:00:00;11932;1783;4532
2023-04-09 00:00:00;11921;1781;4528
2023-04-08 00:00:00;11910;1780;4526
2023-04-07 00:00:00;11902;1779;4523
2023-04-06 00:00:00;11899;1778;4520
2023-04-05 00:00:00;11892;1777;4517
2023-04-04 00:00:00;11879;1776;4513
2023-04-03 00:00:00;11875;1775;4509
2023-04-02 00:00:00;11868;1773;4504
2023-04-01 00:00:00;11855;1772;4502
2023-03-31 00:00:00;11852;1770;4499
2023-03-30 00:00:00;11845;1769;4496
2023-03-29 00:00:00;11838;1768;4492
2023-03-28 00:00:00;11829;1767;4488
2023-03-27 00:00:00;11821;1765;4482
2023-03-26 00:00:00;11811;1764;4479
2023-03-25 00:00:00;11799;1762;4476
2023-03-24 00:00:00;11792;1761;4472
2023-03-23 00:00:00;11787;1760;4469
2023-03-22 00:00:00;11778;1759;4466
2023-03-21 00:00:00;11767;1758;4462
2023-03-20 00:00:00;11759;1757;4458
2023-03-19 00:00:00;11757;1756;4454
2023-03-18 00:00:00;11747;1754;4451
2023-03-17 00:00:00;11743;1753;4449
2023-03-16 00:00:00;11738;1751;4446
2023-03-15 00:00:00;11730;1749;4443
2023-03-14 00:00:00;11723;1748;4440
2023-03-13 00:00:00;11717;1747;4436
2023-03-12 00:00:00;11707;1746;4433
2023-03-11 00:00:00;11696;1745;4431
2023-03-10 00:00:00;11690;1744;4428
2023-03-09 00:00:00;11680;1743;4424
2023-03-08 00:00:00;11669;1742;4420
2023-03-07 00:00:00;11657;1741;4417
2023-03-06 00:00:00;11646;1740;4414
2023-03-05 00:00:00;11634;1739;4411
2023-03-04 00:00:00;11627;1738;4408
2023-03-03 00:00:00;11616;1736;4404
2023-03-02 00:00:00;11612;1734;4400
2023-03-01 00:00:00;11599;1732;4392
2023-02-28 00:00:00;11596;1731;4387
2023-02-27 00:00:00;11590;1729;4382
2023-02-26 00:00:00;11582;1728;4379
2023-02-25 00:00:00;11574;1727;4375
2023-02-24 00:00:00;11568;1725;4372
2023-02-23 00:00:00;11564;1724;4367
2023-02-22 00:00:00;11555;1722;4361
2023-02-21 00:00:00;11545;1719;4356
2023-02-20 00:00:00;11537;1718;4350
2023-02-19 00:00:00;11530;1716;4345
2023-02-18 00:00:00;11524;1715;4342
2023-02-17 00:00:00;11521;1713;4336
2023-02-16 00:00:00;11514;1712;4333
2023-02-15 00:00:00;11505;1710;4328
2023-02-14 00:00:00;11499;1708;4321
2023-02-13 00:00:00;11496;1705;4315
2023-02-12 00:00:00;11488;1703;4312
2023-02-11 00:00:00;11477;1702;4308
2023-02-10 00:00:00;11470;1700;4302
2023-02-09 00:00:00;11466;1698;4295
2023-02-08 00:00:00;11460;1695;4288
2023-02-07 00:00:00;11449;1694;4285
2023-02-06 00:00:00;11442;1692;4279
2023-02-05 00:00:00;11431;1690;4276
2023-02-04 00:00:00;11423;1689;4274
2023-02-03 00:00:00;11416;1687;4269
2023-02-02 00:00:00;11407;1686;4266
2023-02-01 00:00:00;11403;1684;4260
2023-01-31 00:00:00;11394;1683;4258
2023-01-30 00:00:00;11387;1682;4252
2023-01-29 00:00:00;11377;1679;4248
2023-01-28 00:00:00;11369;1678;4245
2023-01-27 00:00:00;11362;1677;4243
2023-01-26 00:00:00;11355;1674;4236
2023-01-25 00:00:00;11346;1672;4230
2023-01-24 00:00:00;11334;1669;4224
2023-01-23 00:00:00;11326;1666;4216
2023-01-22 00:00:00;11315;1665;4213
2023-01-21 00:00:00;11308;1664;4211
2023-01-20 00:00:00;11302;1663;4206
2023-01-19 00:00:00;11298;1660;4200
2023-01-18 00:00:00;11288;1657;4193
2023-01-17 00:00:00;11282;1657;4191
2023-01-16 00:00:00;11275;1655;4185
2023-01-15 00:00:00;11267;1654;4183
2023-01-14 00:00:00;11256;1652;4179
2023-01-13 00:00:00;11254;1650;4175
2023-01-12 00:00:00;11248;1649;4171
2023-01-11 00:00:00;11240;1647;4167
2023-01-10 00:00:00;11233;1647;4165
2023-01-09 00:00:00;11224;1646;4161
2023-01-08 00:00:00;11214;1645;4158
2023-01-07 00:00:00;11207;1644;4155
2023-01-06 00:00:00;11205;1643;4152
2023-01-05 00:00:00;11197;1641;4147
2023-01-04 00:00:00;11192;1640;4144
2023-01-03 00:00:00;11185;1638;4140
2023-01-02 00:00:00;11179;1636;4138
2023-01-01 00:00:00;11175;1634;4134
2022-12-31 00:00:00;11172;1634;4129
2022-12-30 00:00:00;11164;1633;4126
2022-12-29 00:00:00;11153;1631;4122
2022-12-28 00:00:00;11144;1631;4119
2022-12-27 00:00:00;11137;1629;4115
2022-12-26 00:00:00;11127;1628;4111
2022-12-25 00:00:00;11115;1627;4108
2022-12-24 00:00:00;11106;1626;4104
2022-12-23 00:00:00;11097;1624;4101
2022-12-22 00:00:00;11095;1623;4099
2022-12-21 00:00:00;11091;1622;4095
2022-12-20 00:00:00;11081;1620;4092
2022-12-19 00:00:00;11074;1619;4090
2022-12-18 00:00:00;11062;1618;4086
2022-12-17 00:00:00;11056;1616;4082
2022-12-16 00:00:00;11052;1613;4078
2022-12-15 00:00:00;11046;1612;4075
2022-12-14 00:00:00;11039;1611;4072
2022-12-13 00:00:00;11035;1610;4067
2022-12-12 00:00:00;11031;1608;4063
2022-12-11 00:00:00;11026;1607;4060
2022-12-10 00:00:00;11016;1605;4057
2022-12-09 00:00:00;11012;1604;4054
2022-12-08 00:00:00;10997;1602;4050
2022-12-07 00:00:00;10986;1601;4046
2022-12-06 00:00:00;10982;1600;4043
2022-12-05 00:00:00;10973;1599;4039
2022-12-04 00:00:00;10966;1597;4035
2022-12-03 00:00:00;10953;1596;4033
2022-12-01 00:00:00;10945;1593;4027
2022-11-30 00:00:00;10939;1592;4024
2022-11-29 00:00:00;10934;1591;4021
2022-11-28 00:00:00;10932;1589;4017
2022-11-27 00:00:00;10923;1588;4011
2022-11-26 00:00:00;10916;1587;4008
2022-11-25 00:00:00;10913;1586;4005
2022-11-24 00:00:00;10904;1585;4001
2022-11-23 00:00:00;10897;1584;3999
2022-11-22 00:00:00;10890;1583;3996
2022-11-21 00:00:00;10882;1582;3992
2022-11-20 00:00:00;10873;1580;3989
2022-11-19 00:00:00;10867;1579;3987
2022-11-18 00:00:00;10858;1578;3984
2022-11-17 00:00:00;10854;1577;3981
2022-11-16 00:00:00;10846;1576;3978
2022-11-15 00:00:00;10839;1575;3975
2022-11-14 00:00:00;10834;1573;3971
2022-11-13 00:00:00;10825;1571;3964
2022-11-12 00:00:00;10820;1571;3960
2022-11-11 00:00:00;10813;1569;3957
2022-11-10 00:00:00;10804;1568;3954
2022-11-09 00:00:00;10801;1567;3951
2022-11-08 00:00:00;10797;1566;3948
2022-11-07 00:00:00;10790;1565;3945
2022-11-06 00:00:00;10782;1563;3941
2022-11-05 00:00:00;10776;1562;3937
2022-11-04 00:00:00;10773;1561;3934
2022-11-03 00:00:00;10763;1561;3931
2022-11-02 00:00:00;10754;1560;3927
2022-11-01 00:00:00;10744;1559;3924
2022-10-31 00:00:00;10737;1557;3921
2022-10-30 00:00:00;10730;1556;3918
2022-10-29 00:00:00;10718;1555;3915
2022-10-28 00:00:00;10715;1554;3912
2022-10-27 00:00:00;10708;1553;3910
2022-10-26 00:00:00;10704;1552;3906
2022-10-25 00:00:00;10699;1550;3903
2022-10-24 00:00:00;10690;1549;3901
2022-10-23 00:00:00;10675;1548;3898
2022-10-22 00:00:00;10664;1547;3894
2022-10-21 00:00:00;10658;1546;3892
2022-10-20 00:00:00;10654;1544;3889
2022-10-19 00:00:00;10648;1543;3885
2022-10-18 00:00:00;10641;1542;3882
2022-10-17 00:00:00;10630;1541;3879
2022-10-16 00:00:00;10623;1540;3876
2022-10-15 00:00:00;10616;1538;3873
2022-10-14 00:00:00;10610;1537;3870
2022-10-13 00:00:00;10606;1536;3867
2022-10-12 00:00:00;10598;1535;3864
2022-10-11 00:00:00;10586;1533;3860
2022-10-10 00:00:00;10581;1532;3858
2022-10-09 00:00:00;10572;1531;3855
2022-10-08 00:00:00;10561;1530;3853
2022-10-07 00:00:00;10553;1529;3850
2022-10-06 00:00:00;10546;1528;3848
2022-10-05 00:00:00;10531;1526;3845
2022-10-04 00:00:00;10528;1526;3843
2022-10-03 00:00:00;10523;1524;3837
2022-10-02 00:00:00;10515;1523;3832
2022-10-01 00:00:00;10509;1522;3830
2022-09-30 00:00:00;10504;1521;3827
2022-09-29 00:00:00;10497;1519;3824
2022-09-28 00:00:00;10490;1518;3820
2022-09-27 00:00:00;10479;1516;3817
2022-09-26 00:00:00;10470;1515;3814
2022-09-25 00:00:00;10463;1514;3811
2022-09-24 00:00:00;10460;1513;3808
2022-09-23 00:00:00;10452;1512;3805
2022-09-22 00:00:00;10442;1510;3802
2022-09-21 00:00:00;10436;1509;3799
2022-09-20 00:00:00;10427;1508;3796
2022-09-19 00:00:00;10419;1507;3793
2022-09-18 00:00:00;10408;1506;3791
2022-09-17 00:00:00;10403;1505;3789
2022-09-16 00:00:00;10395;1504;3786
2022-09-15 00:00:00;10381;1502;3781
2022-09-14 00:00:00;10379;1502;3778
2022-09-13 00:00:00;10374;1500;3775
2022-09-12 00:00:00;10363;1499;3772
2022-09-11 00:00:00;10357;1498;3769
2022-09-10 00:00:00;10354;1497;3766
2022-09-09 00:00:00;10351;1496;3763
2022-09-08 00:00:00;10341;1493;3759
2022-09-07 00:00:00;10339;1492;3756
2022-09-06 00:00:00;10328;1490;3754
2022-09-05 00:00:00;10324;1490;3752
2022-09-04 00:00:00;10322;1489;3750
2022-09-03 00:00:00;10320;1488;3748
2022-09-02 00:00:00;10317;1487;3746
2022-09-01 00:00:00;10315;1487;3744
2022-08-31 00:00:00;10313;1486;3742
2022-08-30 00:00:00;10311;1485;3740
2022-08-29 00:00:00;10302;1483;3738
2022-08-28 00:00:00;10286;1482;3734
2022-08-27 00:00:00;10283;1481;3731
2022-08-26 00:00:00;10272;1480;3728
2022-08-25 00:00:00;10264;1479;3726
2022-08-24 00:00:00;10257;1478;3723
2022-08-23 00:00:00;10250;1477;3719
2022-08-22 00:00:00;10243;1476;3716
2022-08-21 00:00:00;10232;1475;3714
2022-08-20 00:00:00;10225;1473;3711
2022-08-19 00:00:00;10219;1472;3708
2022-08-18 00:00:00;10211;1471;3705
2022-08-17 00:00:00;10203;1470;3702
2022-08-16 00:00:00;10197;1468;3699
2022-08-15 00:00:00;10191;1467;3697
2022-08-14 00:00:00;10184;1466;3693
2022-08-13 00:00:00;10175;1465;3690
2022-08-12 00:00:00;10170;1463;3687
2022-08-11 00:00:00;10167;1462;3683
2022-08-10 00:00:00;10158;1461;3680
2022-08-09 00:00:00;10148;1460;3676
2022-08-08 00:00:00;10139;1458;3674
2022-08-07 00:00:00;10128;1457;3670
2022-08-06 00:00:00;10122;1456;3668
2022-08-05 00:00:00;10118;1455;3666
2022-08-04 00:00:00;10110;1454;3663
2022-08-03 00:00:00;10101;1453;3660
2022-08-02 00:00:00;10094;1451;3657
2022-08-01 00:00:00;10082;1450;3654
2022-07-31 00:00:00;10076;1449;3650
2022-07-30 00:00:00;10072;1447;3647
2022-07-29 00:00:00;10064;1445;3644
2022-07-28 00:00:00;10056;1444;3641
2022-07-27 00:00:00;10042;1443;3639
2022-07-26 00:00:00;10034;1442;3637
2022-07-25 00:00:00;10022;1439;3634
2022-07-24 00:00:00;10016;1437;3630
2022-07-23 00:00:00;10014;1437;3629
2022-07-22 00:00:00;10013;1436;3627
2022-07-21 00:00:00;10011;1435;3625
2022-07-20 00:00:00;10009;1435;3623
2022-07-19 00:00:00;10007;1434;3621
2022-07-18 00:00:00;10003;1433;3619
2022-07-17 00:00:00;9993;1431;3614
2022-07-16 00:00:00;9990;1430;3612
2022-07-15 00:00:00;9982;1429;3609
2022-07-14 00:00:00;9970;1428;3606
2022-07-13 00:00:00;9963;1427;3603
2022-07-12 00:00:00;9961;1426;3601
2022-07-11 00:00:00;9955;1425;3597
2022-07-10 00:00:00;9947;1423;3594
2022-07-09 00:00:00;9933;1422;3591
2022-07-08 00:00:00;9926;1421;3589
2022-07-07 00:00:00;9919;1419;3586
2022-07-06 00:00:00;9910;1419;3583
2022-07-05 00:00:00;9899;1417;3581
2022-07-04 00:00:00;9891;1417;3578
2022-07-03 00:00:00;9880;1416;3575
2022-07-02 00:00:00;9869;1414;3573
2022-07-01 00:00:00;9862;1414;3570
2022-06-30 00:00:00;9854;1413;3567
2022-06-29 00:00:00;9842;1412;3565
2022-06-28 00:00:00;9833;1411;3562
2022-06-27 00:00:00;9823;1409;3560
2022-06-26 00:00:00;9812;1408;3558
2022-06-25 00:00:00;9801;1408;3556
2022-06-24 00:00:00;9795;1406;3553
2022-06-23 00:00:00;9791;1405;3550
2022-06-22 00:00:00;9786;1404;3547
2022-06-21 00:00:00;9778;1403;3544
2022-06-20 00:00:00;9769;1402;3541
2022-06-19 00:00:00;9759;1400;3538
2022-06-18 00:00:00;9753;1400;3535
2022-06-17 00:00:00;9747;1399;3532
2022-06-16 00:00:00;9737;1397;3529
2022-06-15 00:00:00;9733;1397;3526
2022-06-14 00:00:00;9723;1395;3524
2022-06-13 00:00:00;9709;1395;3521
2022-06-12 00:00:00;9702;1394;3518
2022-06-11 00:00:00;9696;1393;3517
2022-06-10 00:00:00;9683;1392;3514
2022-06-09 00:00:00;9673;1390;3511
2022-06-08 00:00:00;9662;1389;3509
2022-06-07 00:00:00;9654;1388;3506
2022-06-06 00:00:00;9650;1387;3503
2022-06-05 00:00:00;9641;1386;3500
2022-06-04 00:00:00;9637;1385;3497
2022-06-03 00:00:00;9626;1384;3494
2022-06-02 00:00:00;9620;1383;3492
2022-06-01 00:00:00;9615;1382;3489
2022-05-31 00:00:00;9604;1379;3486
2022-05-30 00:00:00;9593;1378;3483
2022-05-29 00:00:00;9585;1377;3479
2022-05-28 00:00:00;9576;1376;3477
2022-05-27 00:00:00;9570;1375;3473
2022-05-26 00:00:00;9563;1374;3471
2022-05-25 00:00:00;9554;1373;3468
2022-05-24 00:00:00;9549;1372;3465
2022-05-23 00:00:00;9543;1371;3462
2022-05-22 00:00:00;9537;1368;3457
2022-05-21 00:00:00;9531;1367;3453
2022-05-20 00:00:00;9523;1366;3451
2022-05-19 00:00:00;9512;1364;3447
2022-05-18 00:00:00;9505;1363;3444
2022-05-17 00:00:00;9495;1363;3442
2022-05-16 00:00:00;9482;1361;3439
2022-05-15 00:00:00;9474;1360;3435
2022-05-14 00:00:00;9463;1358;3432
2022-05-13 00:00:00;9458;1357;3429
2022-05-12 00:00:00;9452;1356;3426
2022-05-11 00:00:00;9447;1354;3422
2022-05-10 00:00:00;9436;1353;3418
2022-05-09 00:00:00;9429;1352;3415
2022-05-08 00:00:00;9422;1351;3409
2022-05-07 00:00:00;9410;1350;3407
2022-05-06 00:00:00;9404;1349;3404
2022-05-05 00:00:00;9400;1347;3400
2022-05-04 00:00:00;9389;1346;3396
2022-05-03 00:00:00;9382;1345;3393
2022-05-02 00:00:00;9375;1344;3390
2022-05-01 00:00:00;9362;1341;3384
2022-04-30 00:00:00;9352;1339;3381
2022-04-29 00:00:00;9344;1337;3378
2022-04-28 00:00:00;9334;1336;3375
2022-04-27 00:00:00;9327;1335;3373
2022-04-26 00:00:00;9319;1333;3369
2022-04-25 00:00:00;9309;1332;3366
2022-04-24 00:00:00;9294;1331;3363
2022-04-23 00:00:00;9292;1330;3361
2022-04-22 00:00:00;9289;1329;3357
2022-04-21 00:00:00;9285;1327;3354
2022-04-20 00:00:00;9279;1326;3350
2022-04-19 00:00:00;9277;1325;3347
2022-04-18 00:00:00;9274;1324;3343
2022-04-17 00:00:00;9271;1322;3340
2022-04-16 00:00:00;9269;1321;3336
2022-04-15 00:00:00;9265;1319;3333
2022-04-14 00:00:00;9261;1317;3328
2022-04-13 00:00:00;9255;1316;3325
2022-04-12 00:00:00;9246;1315;3322
2022-04-11 00:00:00;9239;1314;3319
2022-04-10 00:00:00;9235;1313;3313
2022-04-09 00:00:00;9222;1312;3310
2022-04-08 00:00:00;9217;1311;3307
2022-04-07 00:00:00;9210;1310;3305
2022-04-06 00:00:00;9204;1308;3302
2022-04-05 00:00:00;9195;1306;3297
2022-04-04 00:00:00;9188;1304;3291
2022-04-03 00:00:00;9175;1303;3288
2022-04-02 00:00:00;9173;1302;3285
2022-04-01 00:00:00;9169;1301;3281
2022-03-31 00:00:00;9161;1300;3278
2022-03-30 00:00:00;9155;1297;3274
2022-03-29 00:00:00;9149;1296;3271
2022-03-28 00:00:00;9136;1295;3267
2022-03-27 00:00:00;9134;1294;3264
2022-03-26 00:00:00;9127;1293;3260
2022-03-25 00:00:00;9119;1291;3256
2022-03-24 00:00:00;9111;1290;3253
2022-03-23 00:00:00;9101;1289;3249
2022-03-22 00:00:00;9094;1288;3247
2022-03-21 00:00:00;9091;1286;3243
2022-03-20 00:00:00;9083;1285;3238
2022-03-19 00:00:00;9076;1284;3236
2022-03-18 00:00:00;9067;1283;3233
2022-03-17 00:00:00;9061;1282;3230
2022-03-16 00:00:00;9047;1279;3226
2022-03-15 00:00:00;9043;1278;3222
2022-03-14 00:00:00;9039;1277;3220
2022-03-13 00:00:00;9029;1276;3216
2022-03-12 00:00:00;9025;1275;3213
2022-03-11 00:00:00;9021;1274;3210
2022-03-10 00:00:00;9014;1273;3207
2022-03-09 00:00:00;9008;1272;3204
2022-03-08 00:00:00;9002;1271;3202
2022-03-07 00:00:00;8996;1268;3197
2022-03-06 00:00:00;8989;1267;3195
2022-03-05 00:00:00;8984;1265;3192
2022-03-04 00:00:00;8976;1264;3189
2022-03-03 00:00:00;8969;1263;3187
2022-03-02 00:00:00;8961;1261;3184
2022-03-01 00:00:00;8955;1259;3181
2022-02-28 00:00:00;8946;1258;3178
2022-02-27 00:00:00;8939;1257;3174
2022-02-26 00:00:00;8928;1255;3171
2022-02-25 00:00:00;8924;1252;3168
2022-02-24 00:00:00;8922;1251;3164
2022-02-23 00:00:00;8911;1250;3159
2022-02-22 00:00:00;8906;1249;3156
2022-02-21 00:00:00;8895;1248;3153
2022-02-20 00:00:00;8889;1247;3150
2022-02-19 00:00:00;8878;1246;3146
2022-02-18 00:00:00;8869;1245;3143
2022-02-17 00:00:00;8863;1243;3141
2022-02-16 00:00:00;8849;1242;3137
2022-02-15 00:00:00;8845;1240;3134
2022-02-14 00:00:00;8836;1239;3131
2022-02-13 00:00:00;8830;1238;3126
2022-02-12 00:00:00;8828;1237;3122
2022-02-11 00:00:00;8819;1235;3119
2022-02-10 00:00:00;8813;1233;3114
2022-02-09 00:00:00;8806;1232;3110
2022-02-08 00:00:00;8798;1231;3108
2022-02-07 00:00:00;8793;1229;3103
2022-02-06 00:00:00;8788;1228;3099
2022-02-05 00:00:00;8775;1225;3096
2022-02-04 00:00:00;8770;1223;3089
2022-02-03 00:00:00;8765;1220;3083
2022-02-02 00:00:00;8754;1219;3080
2022-02-01 00:00:00;8744;1217;3075
2022-01-31 00:00:00;8735;1214;3070
2022-01-30 00:00:00;8726;1210;3064
2022-01-29 00:00:00;8717;1209;3062
2022-01-28 00:00:00;8706;1207;3055
2022-01-27 00:00:00;8696;1204;3049
2022-01-26 00:00:00;8685;1203;3047
2022-01-25 00:00:00;8675;1202;3044
2022-01-24 00:00:00;8668;1201;3041
2022-01-23 00:00:00;8658;1199;3036
2022-01-22 00:00:00;8647;1198;3033
2022-01-21 00:00:00;8637;1197;3031
2022-01-20 00:00:00;8626;1196;3028
2022-01-19 00:00:00;8618;1193;3024
2022-01-18 00:00:00;8608;1192;3022
2022-01-17 00:00:00;8599;1191;3019
2022-01-16 00:00:00;8589;1189;3015
2022-01-15 00:00:00;8584;1188;3012
2022-01-14 00:00:00;8573;1187;3009
2022-01-13 00:00:00;8561;1186;3006
2022-01-12 00:00:00;8553;1184;3001
2022-01-11 00:00:00;8539;1181;2996
2022-01-10 00:00:00;8533;1180;2992
2022-01-09 00:00:00;8526;1178;2989
2022-01-08 00:00:00;8518;1177;2986
2022-01-07 00:00:00;8512;1176;2983
2022-01-06 00:00:00;8503;1174;2980
2022-01-05 00:00:00;8493;1173;2977
2022-01-04 00:00:00;8488;1171;2973
2022-01-03 00:00:00;8481;1170;2970
2022-01-02 00:00:00;8474;1169;2968
2022-01-01 00:00:00;8472;1168;2964
