Date;Temperature_Max_C;Temperature_Min_C;Humidity_Mean_%;Precipitation_mm;UV_Index_Max
2022-01-01;14.3;4.8;78;0;0.8
2022-01-02;17.8;6.5;84;8.8;0
2022-01-03;14.5;4.9;87;8.0;0
2022-01-04;18.2;6.8;76;0;0.5
2022-01-05;15.2;5.3;80;0;1.0
2022-01-06;14.8;5.1;77;0;0.7
2022-01-07;16.9;6.2;90;2.6;1.2
2022-01-08;14.9;5.2;87;0;0.7
2022-01-09;12.9;4.2;90;0;0.8
2022-01-10;16.3;6.0;78;20.9;0.8
2022-01-11;17.4;6.6;88;0;0
2022-01-12;17.9;6.8;80;22.2;0
2022-01-13;15.9;5.9;82;0;0
2022-01-14;15.8;5.9;75;0;1.4
2022-01-15;15.5;5.8;77;8.4;0.3
2022-01-16;13.9;5.0;89;9.1;0.4
2022-01-17;18.1;7.1;84;3.9;0
2022-01-18;18.0;7.1;80;0;0
2022-01-19;18.5;7.4;80;11.3;0.2
2022-01-20;18.5;7.5;75;19.5;0.4
2022-01-21;18.2;7.4;74;17.8;0.6
2022-01-22;14.7;5.6;78;0;0.1
2022-01-23;19.5;8.1;77;4.7;0.4
2022-01-24;17.4;7.1;80;4.2;1.3
2022-01-25;14.3;5.6;86;0;1.1
2022-01-26;16.2;6.6;78;0;2.0
2022-01-27;15.1;6.1;73;0;0.4
2022-01-28;17.4;7.3;74;18.2;0.8
2022-01-29;16.4;6.9;74;21.4;1.7
2022-01-30;17.9;7.7;87;3.3;1.2
2022-01-31;16.2;6.9;90;0;1.5
2022-02-01;16.2;6.9;74;3.7;1.0
2022-02-02;15.0;6.4;80;0;1.5
2022-02-03;16.5;7.2;85;0;1.9
2022-02-04;19.8;8.9;74;0;1.9
2022-02-05;19.9;9.0;71;0;1.0
2022-02-06;15.4;6.8;81;0;2.2
2022-02-07;17.3;7.9;76;15.7;1.4
2022-02-08;19.8;9.2;72;23.0;2.4
2022-02-09;19.2;8.9;85;13.2;1.6
2022-02-10;21.5;10.1;72;0;2.8
2022-02-11;17.7;8.3;74;0;2.5
2022-02-12;18.4;8.7;69;12.2;1.9
2022-02-13;17.5;8.3;81;0;1.3
2022-02-14;16.8;8.1;70;16.9;2.8
2022-02-15;21.5;10.5;79;0;1.4
2022-02-16;18.0;8.8;76;0;2.6
2022-02-17;17.0;8.4;87;0;3.1
2022-02-18;17.5;8.7;78;14.1;2.0
2022-02-19;18.6;9.3;82;0;2.2
2022-02-20;21.4;10.8;78;16.2;1.9
2022-02-21;18.9;9.6;86;0;3.5
2022-02-22;19.0;9.8;71;0;2.3
2022-02-23;18.3;9.5;74;0;2.8
2022-02-24;22.5;11.7;86;8.4;3.4
2022-02-25;18.1;9.5;82;0;2.8
2022-02-26;21.9;11.5;68;0;3.5
2022-02-27;20.6;11.0;81;10.1;3.0
2022-02-28;24.2;12.8;71;0;3.8
2022-03-01;23.5;12.6;66;11.8;3.4
2022-03-02;21.6;11.7;70;0;4.0
2022-03-03;21.7;11.8;76;24.1;4.1
2022-03-04;21.3;11.7;71;0;3.3
2022-03-05;21.5;11.9;72;0;3.4
2022-03-06;25.3;13.9;69;0;3.6
2022-03-07;25.5;14.1;83;0;4.5
2022-03-08;20.8;11.8;70;8.4;4.0
2022-03-09;22.0;12.5;81;23.2;3.6
2022-03-10;23.4;13.2;82;0;3.3
2022-03-11;24.1;13.7;63;0;3.5
2022-03-12;23.6;13.6;73;24.0;4.8
2022-03-13;26.6;15.1;64;20.1;5.2
2022-03-14;22.6;13.2;73;0;5.3
2022-03-15;25.3;14.7;76;0;3.6
2022-03-16;23.3;13.7;81;0;4.8
2022-03-17;23.4;13.9;68;7.3;4.2
2022-03-18;25.4;14.9;69;17.3;5.7
2022-03-19;26.7;15.7;65;0;4.7
2022-03-20;23.3;14.1;61;0;5.7
2022-03-21;24.7;14.8;77;0;5.4
2022-03-22;22.2;13.7;78;0;4.8
2022-03-23;26.1;15.7;63;0;4.9
2022-03-24;26.4;16.0;60;0;6.1
2022-03-25;23.1;14.4;69;0;5.9
2022-03-26;23.5;14.7;66;21.4;6.1
2022-03-27;25.6;15.8;60;0;6.0
2022-03-28;26.0;16.1;64;0;5.3
2022-03-29;25.7;16.0;58;22.4;5.0
2022-03-30;26.2;16.4;65;0;5.5
2022-03-31;26.3;16.5;65;0;5.4
2022-04-01;27.4;17.2;58;0;5.9
2022-04-02;26.6;16.8;58;0;5.7
2022-04-03;26.5;16.8;57;0;6.2
2022-04-04;27.4;17.4;73;0;7.1
2022-04-05;27.8;17.7;58;2.4;6.5
2022-04-06;25.8;16.8;71;0;6.0
2022-04-07;27.5;17.7;70;0;7.1
2022-04-08;30.7;19.4;71;0;6.4
2022-04-09;28.5;18.4;68;0;6.0
2022-04-10;31.0;19.7;60;12.7;7.4
2022-04-11;26.7;17.6;62;4.1;7.3
2022-04-12;28.8;18.7;71;0;7.4
2022-04-13;31.2;20.0;60;0;7.3
2022-04-14;31.3;20.2;69;0;6.3
2022-04-15;31.0;20.1;57;0;6.6
2022-04-16;28.5;18.9;56;0;6.7
2022-04-17;31.9;20.7;61;11.8;7.4
2022-04-18;30.5;20.1;55;0;6.5
2022-04-19;30.7;20.2;64;0;6.9
2022-04-20;27.7;18.8;69;0;8.3
2022-04-21;31.5;20.8;52;0;7.1
2022-04-22;29.7;20.0;52;0;6.6
2022-04-23;30.4;20.4;55;6.4;8.4
2022-04-24;32.7;21.6;52;0;7.6
2022-04-25;29.2;20.0;70;0;8.2
2022-04-26;28.1;19.5;68;0;6.9
2022-04-27;30.9;20.9;61;0;7.6
2022-04-28;28.6;19.9;57;0;9.0
2022-04-29;28.3;19.8;59;0;7.8
2022-04-30;29.8;20.6;63;10.1;7.5
2022-05-01;32.5;22.0;66;0.9;7.9
2022-05-02;33.6;22.6;66;0;9.1
2022-05-03;33.3;22.5;51;0;8.2
2022-05-04;33.7;22.8;52;0;8.4
2022-05-05;32.5;22.2;58;9.7;9.4
2022-05-06;32.2;22.2;68;0;9.5
2022-05-07;32.7;22.5;58;0;8.1
2022-05-08;30.2;21.3;49;0;9.0
2022-05-09;34.8;23.6;66;0;9.0
2022-05-10;34.4;23.5;62;10.9;8.4
2022-05-11;32.0;22.3;65;14.9;9.7
2022-05-12;30.8;21.8;55;0;9.0
2022-05-13;32.9;22.9;62;0;8.8
2022-05-14;34.1;23.5;63;11.3;8.5
2022-05-15;30.5;21.8;50;6.3;9.9
2022-05-16;34.4;23.8;58;0;9.2
2022-05-17;32.2;22.7;67;0.6;9.0
2022-05-18;33.7;23.5;65;9.8;9.6
2022-05-19;32.1;22.8;60;7.5;9.3
2022-05-20;34.5;24.0;54;4.2;10.3
2022-05-21;31.6;22.7;57;0;10.3
2022-05-22;34.1;23.9;60;6.3;10.2
2022-05-23;35.0;24.4;66;0;9.1
2022-05-24;34.7;24.3;58;0;10.3
2022-05-25;36.7;25.3;64;0;8.9
2022-05-26;34.3;24.2;51;0;9.4
2022-05-27;34.2;24.2;48;0;10.2
2022-05-28;32.3;23.3;58;0;8.9
2022-05-29;34.9;24.6;61;14.4;8.8
2022-05-30;31.4;22.9;65;0;10.4
2022-05-31;36.3;25.4;58;13.2;10.2
2022-06-01;32.1;23.3;61;0;9.4
2022-06-02;33.1;23.8;64;0;10.4
2022-06-03;31.8;23.2;53;0;9.4
2022-06-04;32.9;23.8;63;0;10.8
2022-06-05;36.4;25.5;61;0;10.6
2022-06-06;32.6;23.6;49;0;10.1
2022-06-07;34.3;24.5;54;0;8.9
2022-06-08;36.8;25.8;62;0;9.8
2022-06-09;37.0;25.9;57;0;9.7
2022-06-10;34.2;24.5;59;0;9.3
2022-06-11;34.4;24.6;47;0;9.6
2022-06-12;32.1;23.5;63;0;9.8
2022-06-13;37.4;26.2;51;0;10.6
2022-06-14;37.2;26.1;49;0;10.4
2022-06-15;32.8;23.9;58;0;9.6
2022-06-16;37.2;26.1;62;0;10.3
2022-06-17;35.5;25.2;65;0;10.4
2022-06-18;33.9;24.4;65;0;9.9
2022-06-19;37.4;26.2;46;0;10.5
2022-06-20;37.6;26.3;46;0;10.2
2022-06-21;32.7;23.9;48;0;9.0
2022-06-22;32.8;23.9;64;0;10.2
2022-06-23;33.6;24.3;60;0;10.4
2022-06-24;36.5;25.7;51;0;10.7
2022-06-25;35.5;25.3;53;0;9.5
2022-06-26;37.9;26.4;59;0;10.8
2022-06-27;34.1;24.5;49;0;9.7
2022-06-28;37.7;26.3;52;0;10.0
2022-06-29;37.2;26.0;65;0;10.2
2022-06-30;32.8;23.8;49;0;10.3
2022-07-01;33.9;24.4;64;0;10.3
2022-07-02;37.6;26.2;52;0;10.0
2022-07-03;33.1;23.9;54;0;10.7
2022-07-04;36.0;25.4;49;0;9.9
2022-07-05;36.5;25.6;65;0;9.6
2022-07-06;34.4;24.5;51;0;10.2
2022-07-07;36.6;25.6;65;0;9.3
2022-07-08;34.9;24.7;56;0;9.5
2022-07-09;35.1;24.8;47;0;9.1
2022-07-10;32.6;23.5;62;0;9.7
2022-07-11;36.9;25.6;54;0;10.2
2022-07-12;34.2;24.3;55;0;9.4
2022-07-13;32.0;23.1;62;0;9.0
2022-07-14;34.8;24.5;48;0;9.4
2022-07-15;36.4;25.3;66;0;8.6
2022-07-16;33.6;23.8;61;0;10.0
2022-07-17;32.3;23.1;48;1.6;9.2
2022-07-18;33.6;23.7;47;0;8.8
2022-07-19;36.2;25.0;65;0;8.8
2022-07-20;31.3;22.5;57;0;10.0
2022-07-21;36.3;24.9;47;0;9.8
2022-07-22;34.7;24.1;63;0;9.6
2022-07-23;34.3;23.9;52;0;9.1
2022-07-24;30.5;21.9;60;0;10.1
2022-07-25;34.6;23.9;56;0;8.7
2022-07-26;31.0;22.1;68;0;10.0
2022-07-27;33.5;23.3;58;0;8.1
2022-07-28;31.3;22.1;49;7.6;9.1
2022-07-29;30.8;21.8;57;0;9.5
2022-07-30;34.3;23.5;64;0;8.6
2022-07-31;30.8;21.7;56;0;8.3
2022-08-01;29.6;21.1;55;0;9.2
2022-08-02;31.7;22.0;59;0;9.5
2022-08-03;32.7;22.5;57;0;9.5
2022-08-04;32.6;22.4;60;0;9.4
2022-08-05;31.4;21.7;50;0;9.1
2022-08-06;32.8;22.4;52;0;7.7
2022-08-07;32.3;22.1;60;0;7.8
2022-08-08;33.0;22.4;59;7.9;7.5
2022-08-09;28.6;20.1;60;0;8.7
2022-08-10;33.8;22.6;60;0;7.3
2022-08-11;30.4;20.8;65;0;9.0
2022-08-12;33.0;22.1;66;0;7.5
2022-08-13;31.9;21.5;66;0;7.1
2022-08-14;33.6;22.2;69;0;7.0
2022-08-15;29.1;19.9;58;0;7.0
2022-08-16;32.6;21.6;62;0;8.8
2022-08-17;29.1;19.8;54;0;8.1
2022-08-18;29.8;20.0;58;0;8.6
2022-08-19;32.2;21.2;62;0;8.3
2022-08-20;31.2;20.6;62;0;7.7
2022-08-21;31.8;20.8;65;0;6.7
2022-08-22;31.3;20.5;54;0;7.8
2022-08-23;29.1;19.3;61;0;7.9
2022-08-24;30.2;19.8;67;0;7.8
2022-08-25;30.7;20.0;65;0;7.4
2022-08-26;31.9;20.5;71;0;6.1
2022-08-27;26.4;17.6;69;2.8;6.6
2022-08-28;31.3;20.1;67;0;7.5
2022-08-29;27.6;18.1;55;0;6.1
2022-08-30;29.7;19.1;72;0;5.7
2022-08-31;30.6;19.5;64;0;6.7
2022-09-01;27.9;18.0;66;0;6.4
2022-09-02;25.0;16.5;72;0;5.8
2022-09-03;30.5;19.1;57;0;6.0
2022-09-04;30.3;19.0;74;0;5.5
2022-09-05;29.6;18.6;68;0;7.1
2022-09-06;27.6;17.5;75;0;6.7
2022-09-07;26.5;16.8;72;0;5.5
2022-09-08;26.1;16.6;66;0;5.4
2022-09-09;29.6;18.2;70;0;6.1
2022-09-10;27.8;17.2;66;0;5.9
2022-09-11;26.2;16.3;69;0;5.9
2022-09-12;23.3;14.8;60;0;5.5
2022-09-13;28.1;17.1;59;0;4.8
2022-09-14;24.5;15.2;68;0;4.9
2022-09-15;23.0;14.4;70;0;5.7
2022-09-16;28.0;16.8;75;0;6.1
2022-09-17;25.9;15.7;74;0;6.2
2022-09-18;27.1;16.2;78;0;5.4
2022-09-19;28.0;16.5;61;0;4.8
2022-09-20;22.7;13.8;62;0;4.2
2022-09-21;25.0;14.9;80;0;4.1
2022-09-22;23.2;13.9;80;0;5.0
2022-09-23;23.9;14.2;67;0;4.6
2022-09-24;27.2;15.7;70;0;4.2
2022-09-25;26.5;15.3;63;0;4.9
2022-09-26;26.0;14.9;65;0;4.8
2022-09-27;23.2;13.4;64;0;3.4
2022-09-28;24.7;14.1;65;0;4.7
2022-09-29;24.9;14.1;75;0;4.0
2022-09-30;23.9;13.6;72;0;3.9
2022-10-01;20.4;11.7;67;0;4.5
2022-10-02;25.8;14.3;81;0;4.3
2022-10-03;24.5;13.6;79;12.4;2.9
2022-10-04;23.5;13.0;83;0;4.2
2022-10-05;22.2;12.3;74;3.2;3.3
2022-10-06;24.7;13.4;76;0;4.1
2022-10-07;19.8;10.9;73;0;2.7
2022-10-08;19.7;10.8;65;0;3.6
2022-10-09;20.4;11.1;69;0;4.2
2022-10-10;22.7;12.1;78;0;3.7
2022-10-11;21.4;11.4;72;8.9;4.1
2022-10-12;21.4;11.3;69;0;2.9
2022-10-13;24.0;12.5;67;0;3.4
2022-10-14;19.8;10.3;70;0;2.5
2022-10-15;22.2;11.5;86;8.7;2.9
2022-10-16;23.6;12.1;84;0;2.7
2022-10-17;18.1;9.3;85;0;2.7
2022-10-18;17.9;9.1;86;0;2.6
2022-10-19;19.9;10.0;80;0;2.6
2022-10-20;17.5;8.8;87;0;1.8
2022-10-21;17.2;8.5;80;7.8;2.8
2022-10-22;17.0;8.4;85;0;1.8
2022-10-23;16.9;8.2;69;3.7;3.0
2022-10-24;17.7;8.6;84;0;2.8
2022-10-25;21.0;10.1;82;0;1.9
2022-10-26;21.9;10.5;75;0;1.3
2022-10-27;19.1;9.0;79;0;2.8
2022-10-28;16.0;7.4;69;0;1.8
2022-10-29;17.3;8.0;81;12.1;1.7
2022-10-30;16.7;7.7;83;6.3;1.9
2022-10-31;20.5;9.5;81;0;2.1
2022-11-01;15.9;7.1;85;0;2.3
2022-11-02;18.6;8.4;80;24.2;1.8
2022-11-03;17.8;7.9;75;10.2;1.8
2022-11-04;19.4;8.7;74;0;1.6
2022-11-05;15.4;6.6;84;0;1.0
2022-11-06;19.7;8.7;72;0;0.8
2022-11-07;20.4;9.0;87;21.2;0.8
2022-11-08;17.3;7.4;77;0;1.4
2022-11-09;20.1;8.7;84;16.7;1.5
2022-11-10;15.1;6.2;80;0;0.2
2022-11-11;16.4;6.8;75;16.1;1.2
2022-11-12;16.1;6.6;86;0;1.5
2022-11-13;15.1;6.0;74;0;1.4
2022-11-14;18.5;7.7;79;0;0.2
2022-11-15;14.8;5.8;85;0;0.0
2022-11-16;16.9;6.8;73;0;0.4
2022-11-17;13.7;5.1;75;0;0
2022-11-18;17.3;6.9;75;0;0
2022-11-19;18.4;7.4;79;0;1.2
2022-11-20;17.6;7.0;74;4.1;1.6
2022-11-21;16.6;6.4;89;18.7;1.3
2022-11-22;14.2;5.1;75;0;0.1
2022-11-23;13.9;5.0;84;14.4;1.1
2022-11-24;18.5;7.2;90;21.2;1.3
2022-11-25;15.5;5.7;88;0;0.9
2022-11-26;18.3;7.1;90;0;0.7
2022-11-27;13.6;4.7;90;0;0
2022-11-28;15.4;5.5;80;0;0.4
2022-11-29;17.1;6.4;86;15.7;0
2022-11-30;16.6;6.1;82;0;0
2022-12-01;18.5;7.0;79;0;0.9
2022-12-02;13.8;4.6;82;0;0
2022-12-03;17.2;6.3;84;0;0
2022-12-04;16.2;5.8;86;17.2;0
2022-12-05;14.2;4.7;81;0;0
2022-12-06;14.4;4.8;84;0;0
2022-12-07;18.1;6.7;89;0;0.5
2022-12-08;13.8;4.5;80;0;0
2022-12-09;13.4;4.3;78;8.2;0
2022-12-10;17.0;6.1;90;0;0.7
2022-12-11;16.7;5.9;77;0;0
2022-12-12;14.6;4.8;87;0;0
2022-12-13;14.8;4.9;76;23.6;0.9
2022-12-14;15.4;5.2;90;1.1;0
2022-12-15;18.0;6.5;78;0;0.6
2022-12-16;13.1;4.0;90;0;0
2022-12-17;18.0;6.5;79;6.7;0.7
2022-12-18;12.9;3.9;78;2.8;0.5
2022-12-19;14.5;4.8;90;0;0
2022-12-20;13.2;4.1;90;0;0.9
2022-12-21;13.6;4.3;85;0;0.8
2022-12-22;12.1;3.6;90;15.0;0.7
2022-12-23;14.9;5.0;81;0;0
2022-12-24;16.9;6.0;89;0;0.2
2022-12-25;12.4;3.7;88;11.0;0
2022-12-26;16.2;5.7;77;0;0
2022-12-27;14.5;4.8;86;0;0
2022-12-28;17.3;6.2;90;24.0;0.7
2022-12-29;17.6;6.4;86;0;0.5
2022-12-30;13.0;4.1;86;0;0
2022-12-31;12.2;3.7;85;0;0.5
2023-01-01;14.4;4.8;78;0;1.0
2023-01-02;16.5;5.9;90;10.3;0.3
2023-01-03;18.1;6.7;82;0;0.1
2023-01-04;14.5;4.9;90;0.5;0
2023-01-05;13.2;4.3;86;0;0.4
2023-01-06;12.9;4.2;90;19.0;0.5
2023-01-07;12.9;4.2;76;0;0
2023-01-08;17.1;6.3;79;18.4;0
2023-01-09;17.0;6.3;79;0;0.9
2023-01-10;16.2;5.9;90;0;1.0
2023-01-11;16.1;5.9;90;0;0.4
2023-01-12;15.1;5.4;90;11.9;0.8
2023-01-13;14.9;5.4;90;0;1.2
2023-01-14;14.2;5.1;87;11.9;1.4
2023-01-15;15.4;5.7;89;20.6;0.8
2023-01-16;17.3;6.7;89;0;1.0
2023-01-17;16.0;6.1;79;18.7;0
2023-01-18;13.9;5.1;83;0;1.4
2023-01-19;19.1;7.7;83;9.8;0
2023-01-20;16.7;6.6;87;0;0.3
2023-01-21;15.4;6.0;82;9.6;0
2023-01-22;13.8;5.2;90;18.2;0.2
2023-01-23;14.6;5.6;77;19.9;0.5
2023-01-24;16.3;6.5;74;5.4;1.4
2023-01-25;19.6;8.2;89;0;0.1
2023-01-26;19.4;8.2;76;6.8;0.7
2023-01-27;18.0;7.6;77;0;1.5
2023-01-28;15.0;6.1;89;0;0.5
2023-01-29;16.7;7.0;87;0;1.2
2023-01-30;18.9;8.2;74;0;2.2
2023-01-31;14.8;6.1;77;9.1;1.5
2023-02-01;15.3;6.5;80;0;1.4
2023-02-02;17.0;7.4;80;12.8;1.1
2023-02-03;19.4;8.6;81;0;1.8
2023-02-04;18.1;8.0;71;4.1;2.2
2023-02-05;20.4;9.3;72;0;1.9
2023-02-06;20.0;9.1;89;0;1.3
2023-02-07;18.5;8.4;77;14.8;2.6
2023-02-08;21.2;9.9;78;0;0.9
2023-02-09;16.3;7.4;74;0;1.7
2023-02-10;19.3;9.1;70;0;1.7
2023-02-11;18.7;8.8;81;0;2.0
2023-02-12;21.7;10.4;77;0;2.8
2023-02-13;19.5;9.3;70;0;1.3
2023-02-14;17.7;8.5;76;0;2.3
2023-02-15;22.4;10.9;75;0;2.7
2023-02-16;17.1;8.4;85;0;1.5
2023-02-17;20.5;10.1;80;15.4;2.9
2023-02-18;20.5;10.2;77;0;3.2
2023-02-19;18.4;9.2;84;0;2.3
2023-02-20;20.1;10.2;84;0;2.7
2023-02-21;20.9;10.6;75;0;3.4
2023-02-22;20.5;10.5;84;21.5;3.7
2023-02-23;22.9;11.8;86;0;3.4
2023-02-24;22.2;11.5;75;0;2.2
2023-02-25;19.9;10.4;83;0;3.1
2023-02-26;20.0;10.6;84;0;2.7
2023-02-27;20.3;10.8;82;0;2.8
2023-02-28;22.9;12.2;81;0;3.5
2023-03-01;21.4;11.5;80;0;3.3
2023-03-02;20.5;11.2;82;0;2.4
2023-03-03;23.2;12.6;77;0;3.8
2023-03-04;24.9;13.5;75;0;3.6
2023-03-05;20.6;11.4;74;0.4;3.0
2023-03-06;24.5;13.5;80;16.1;3.9
2023-03-07;22.6;12.6;76;0;3.9
2023-03-08;25.5;14.1;67;6.5;4.8
2023-03-09;25.9;14.4;79;0;3.8
2023-03-10;22.6;12.8;77;0;4.3
2023-03-11;25.8;14.5;81;23.0;4.9
2023-03-12;23.3;13.4;64;0;3.6
2023-03-13;26.3;15.0;67;17.9;4.5
2023-03-14;25.4;14.6;64;13.0;4.1
2023-03-15;23.5;13.8;66;0;4.9
2023-03-16;25.3;14.7;70;8.5;4.2
2023-03-17;24.3;14.3;73;0;3.9
2023-03-18;24.7;14.6;69;10.4;5.0
2023-03-19;27.1;15.9;73;0;5.2
2023-03-20;22.4;13.6;61;0;5.7
2023-03-21;23.4;14.2;69;0;4.1
2023-03-22;27.8;16.5;79;13.2;5.4
2023-03-23;27.9;16.6;68;0;4.5
2023-03-24;25.8;15.6;62;0;5.4
2023-03-25;26.4;16.1;66;0;6.1
2023-03-26;25.0;15.4;71;0;4.7
2023-03-27;28.0;17.0;63;13.9;4.6
2023-03-28;25.2;15.7;64;2.1;5.5
2023-03-29;27.3;16.8;68;0;5.9
2023-03-30;29.3;17.9;64;8.5;5.1
2023-03-31;26.4;16.6;59;0;5.0
2023-04-01;26.7;16.8;75;0;5.1
2023-04-02;24.5;15.8;66;0;5.1
2023-04-03;30.0;18.6;61;0;7.1
2023-04-04;29.1;18.2;62;0;6.5
2023-04-05;27.6;17.6;70;0;7.2
2023-04-06;26.2;17.0;69;0;6.5
2023-04-07;29.1;18.5;73;5.4;7.3
2023-04-08;27.5;17.8;61;0;5.5
2023-04-09;29.2;18.7;65;0;6.2
2023-04-10;28.2;18.3;60;0;6.4
2023-04-11;30.7;19.6;55;0;6.3
2023-04-12;30.4;19.6;74;0;7.3
2023-04-13;30.6;19.8;69;0;6.7
2023-04-14;29.9;19.4;61;0;7.2
2023-04-15;30.4;19.8;73;0;6.5
2023-04-16;28.1;18.7;66;0;6.3
2023-04-17;29.2;19.3;65;0;7.1
2023-04-18;31.9;20.8;59;5.0;6.7
2023-04-19;31.3;20.6;66;12.0;7.7
2023-04-20;28.2;19.1;55;0;7.7
2023-04-21;28.0;19.0;65;0;7.2
2023-04-22;28.3;19.3;68;0;7.0
2023-04-23;32.5;21.4;65;0;7.1
2023-04-24;27.8;19.2;65;0;7.5
2023-04-25;33.1;21.9;63;0;7.3
2023-04-26;30.6;20.7;57;0;7.0
2023-04-27;33.9;22.4;54;0;7.2
2023-04-28;31.9;21.5;68;0;8.6
2023-04-29;29.8;20.5;62;0;8.0
2023-04-30;33.5;22.4;59;0;7.4
2023-05-01;31.7;21.6;55;10.4;8.2
2023-05-02;30.8;21.2;50;0;8.3
2023-05-03;31.4;21.6;51;0;8.1
2023-05-04;33.1;22.5;56;0;8.7
2023-05-05;29.7;20.8;68;0;9.1
2023-05-06;30.3;21.2;51;0;7.6
2023-05-07;32.3;22.3;69;11.3;9.0
2023-05-08;29.8;21.1;67;0;8.3
2023-05-09;31.7;22.1;59;0;9.1
2023-05-10;34.1;23.3;54;10.8;8.2
2023-05-11;34.2;23.5;53;0;9.8
2023-05-12;35.1;23.9;53;0;9.7
2023-05-13;32.9;22.9;64;0;8.0
2023-05-14;30.9;21.9;59;0;8.4
2023-05-15;31.4;22.3;49;0;8.1
2023-05-16;30.4;21.8;49;0;8.4
2023-05-17;31.1;22.2;58;11.5;9.5
2023-05-18;33.2;23.3;57;0;10.1
2023-05-19;33.6;23.6;58;0;10.0
2023-05-20;32.9;23.2;49;0;8.9
2023-05-21;31.2;22.4;55;0;9.0
2023-05-22;36.6;25.2;61;0;8.6
2023-05-23;31.0;22.4;59;0;9.5
2023-05-24;33.6;23.8;62;0;9.5
2023-05-25;36.8;25.4;64;0;10.2
2023-05-26;36.8;25.4;58;0;10.0
2023-05-27;34.5;24.3;66;0;8.6
2023-05-28;32.2;23.2;56;0;9.3
2023-05-29;35.4;24.8;52;14.7;9.5
2023-05-30;33.4;23.9;54;14.5;8.7
2023-05-31;34.1;24.3;56;0;10.2
2023-06-01;36.4;25.4;49;0;9.0
2023-06-02;37.3;25.9;61;0;9.1
2023-06-03;32.4;23.5;54;0;10.6
2023-06-04;36.9;25.8;53;0;9.4
2023-06-05;37.3;26.0;58;0;9.2
2023-06-06;35.2;25.0;62;0;10.1
2023-06-07;35.9;25.3;63;0;10.2
2023-06-08;33.5;24.1;53;0;10.9
2023-06-09;32.2;23.5;50;0;10.6
2023-06-10;34.6;24.7;61;0;9.1
2023-06-11;37.1;26.0;65;0;10.6
2023-06-12;37.6;26.3;52;0;10.1
2023-06-13;33.5;24.2;54;0;9.4
2023-06-14;34.2;24.6;46;0;9.1
2023-06-15;36.2;25.6;57;0;9.7
2023-06-16;34.3;24.6;63;0;10.9
2023-06-17;32.1;23.5;57;0;10.9
2023-06-18;36.2;25.6;53;0;10.4
2023-06-19;35.8;25.4;45;0;10.9
2023-06-20;34.8;24.9;45;0;10.3
2023-06-21;37.6;26.3;47;0;9.2
2023-06-22;33.2;24.1;65;0;10.2
2023-06-23;37.5;26.2;48;0;9.0
2023-06-24;36.3;25.6;53;0;9.5
2023-06-25;37.8;26.4;57;0;10.2
2023-06-26;32.8;23.9;50;0;9.4
2023-06-27;32.0;23.5;64;6.2;9.9
2023-06-28;33.5;24.2;50;0;9.7
2023-06-29;33.2;24.0;60;0;9.5
2023-06-30;37.7;26.3;51;0;10.3
2023-07-01;35.8;25.3;54;0;10.3
2023-07-02;36.1;25.4;64;0;8.9
2023-07-03;33.0;23.9;49;0;10.2
2023-07-04;34.7;24.7;50;0;9.7
2023-07-05;34.7;24.7;57;0;9.1
2023-07-06;34.0;24.3;55;0;9.0
2023-07-07;35.5;25.0;51;0;10.1
2023-07-08;34.2;24.4;63;0;9.2
2023-07-09;36.7;25.6;55;0;10.6
2023-07-10;33.7;24.0;50;0;9.0
2023-07-11;33.6;24.0;54;0;9.4
2023-07-12;32.6;23.4;65;0;9.5
2023-07-13;36.4;25.3;51;0;8.9
2023-07-14;31.9;23.0;47;0;10.4
2023-07-15;34.1;24.1;52;0;9.0
2023-07-16;32.5;23.2;57;0;10.1
2023-07-17;36.2;25.1;59;0;9.7
2023-07-18;34.5;24.2;57;0;8.6
2023-07-19;32.6;23.2;49;0;9.6
2023-07-20;31.9;22.8;53;0;9.0
2023-07-21;32.9;23.3;54;0;9.7
2023-07-22;35.2;24.4;49;0;9.9
2023-07-23;31.5;22.5;66;0;9.3
2023-07-24;35.7;24.5;62;0;8.9
2023-07-25;34.5;23.9;67;0;8.4
2023-07-26;32.4;22.8;66;0;10.0
2023-07-27;35.9;24.5;59;0;8.3
2023-07-28;35.6;24.3;62;0;8.7
2023-07-29;34.2;23.5;53;0;8.3
2023-07-30;34.1;23.4;49;0;9.8
2023-07-31;32.7;22.6;63;0;7.9
2023-08-01;30.9;21.7;60;5.9;8.3
2023-08-02;29.7;21.0;51;0;9.3
2023-08-03;32.3;22.3;66;0;9.3
2023-08-04;32.4;22.3;67;0;9.3
2023-08-05;34.5;23.3;69;0;8.5
2023-08-06;33.6;22.8;51;0;8.8
2023-08-07;31.7;21.8;50;0;7.9
2023-08-08;32.6;22.1;59;0;7.8
2023-08-09;31.7;21.6;57;0;7.4
2023-08-10;32.4;21.9;64;0;9.2
2023-08-11;29.5;20.4;69;0;8.3
2023-08-12;31.7;21.4;65;0;8.8
2023-08-13;32.8;21.9;58;0;8.4
2023-08-14;32.7;21.8;57;0;8.0
2023-08-15;28.4;19.5;62;0;8.3
2023-08-16;32.2;21.4;67;0;7.1
2023-08-17;28.0;19.2;53;1.7;8.4
2023-08-18;27.9;19.1;54;0;7.5
2023-08-19;27.8;19.0;69;0;7.6
2023-08-20;27.9;18.9;66;0;6.9
2023-08-21;29.7;19.8;68;0;7.4
2023-08-22;32.6;21.2;60;0;6.7
2023-08-23;30.3;19.9;73;0;6.7
2023-08-24;31.1;20.3;63;0;7.7
2023-08-25;28.6;18.9;65;0;6.9
2023-08-26;30.7;19.9;72;0;6.9
2023-08-27;26.2;17.6;60;0;7.2
2023-08-28;28.5;18.6;69;0;7.1
2023-08-29;27.8;18.2;62;0;6.8
2023-08-30;29.4;18.9;63;0;7.0
2023-08-31;29.3;18.8;75;0;6.9
2023-09-01;26.5;17.3;60;0;7.5
2023-09-02;30.1;19.0;64;0;6.3
2023-09-03;28.2;18.0;72;0;5.6
2023-09-04;28.5;18.1;70;0;6.8
2023-09-05;27.3;17.4;67;0;6.7
2023-09-06;25.4;16.3;62;0;5.8
2023-09-07;28.8;18.0;76;0;5.1
2023-09-08;27.8;17.4;76;0;5.3
2023-09-09;29.3;18.0;72;0;5.0
2023-09-10;23.9;15.3;70;0;5.7
2023-09-11;27.4;16.9;73;0;6.7
2023-09-12;24.0;15.2;65;0;5.8
2023-09-13;27.4;16.8;68;0;5.7
2023-09-14;27.1;16.5;61;0;6.4
2023-09-15;27.3;16.5;71;0;5.9
2023-09-16;27.9;16.8;65;0;6.2
2023-09-17;25.6;15.5;65;0;4.2
2023-09-18;22.8;14.0;62;0;4.7
2023-09-19;26.5;15.8;71;0;6.0
2023-09-20;26.5;15.7;68;0;5.3
2023-09-21;27.0;15.9;78;0;5.2
2023-09-22;24.5;14.5;64;0;4.9
2023-09-23;22.9;13.6;69;0;5.4
2023-09-24;23.1;13.7;67;0;5.4
2023-09-25;25.0;14.5;80;0;5.2
2023-09-26;22.3;13.1;62;0;4.3
2023-09-27;22.8;13.3;67;0;4.0
2023-09-28;24.8;14.2;69;0;4.4
2023-09-29;23.0;13.2;74;0;5.0
2023-09-30;21.6;12.4;71;0;4.1
2023-10-01;20.7;11.9;80;0;4.2
2023-10-02;25.1;14.0;81;0;4.4
2023-10-03;21.0;11.9;73;0;4.7
2023-10-04;25.2;13.8;79;0;3.5
2023-10-05;19.8;11.1;70;0;4.3
2023-10-06;19.4;10.8;76;0;4.4
2023-10-07;19.1;10.5;81;0;2.8
2023-10-08;24.7;13.3;74;10.8;4.0
2023-10-09;22.9;12.3;78;0;2.5
2023-10-10;20.4;11.0;75;1.5;4.0
2023-10-11;23.6;12.5;76;0;3.7
2023-10-12;18.6;9.9;72;0;3.5
2023-10-13;21.5;11.3;80;0;4.0
2023-10-14;19.8;10.4;73;0;2.8
2023-10-15;21.4;11.1;69;1.4;3.2
2023-10-16;21.0;10.8;81;0;2.6
2023-10-17;23.4;11.9;76;0;3.5
2023-10-18;21.0;10.6;79;0;3.4
2023-10-19;21.4;10.8;83;0;3.3
2023-10-20;19.0;9.5;85;0;1.9
2023-10-21;17.8;8.8;86;6.7;3.2
2023-10-22;22.0;10.9;80;0;1.6
2023-10-23;19.1;9.3;77;0;1.7
2023-10-24;20.1;9.7;88;0;2.6
2023-10-25;17.2;8.2;77;12.0;1.2
2023-10-26;19.1;9.1;83;0;2.8
2023-10-27;21.2;10.1;69;0;1.9
2023-10-28;19.4;9.1;76;0;2.8
2023-10-29;17.0;7.8;71;0;0.9
2023-10-30;20.0;9.3;88;0;2.7
2023-10-31;19.6;9.0;71;5.6;2.3
2023-11-01;17.4;7.8;86;23.6;1.8
2023-11-02;18.3;8.2;80;0;0.7
2023-11-03;20.5;9.3;78;0;1.2
2023-11-04;20.8;9.4;89;0;2.0
2023-11-05;19.9;8.9;76;0;1.7
2023-11-06;17.9;7.8;78;19.9;0.8
2023-11-07;16.3;6.9;81;0;0.7
2023-11-08;15.5;6.5;86;0;1.9
2023-11-09;18.6;8.0;86;0;1.9
2023-11-10;15.6;6.5;74;8.5;2.0
2023-11-11;14.6;5.9;74;6.1;0.5
2023-11-12;15.7;6.4;80;0;0.3
2023-11-13;14.5;5.7;85;0;0.9
2023-11-14;19.4;8.1;83;0;0.1
2023-11-15;17.6;7.2;85;17.3;1.0
2023-11-16;16.7;6.7;90;0;0.3
2023-11-17;18.4;7.5;79;0;0.0
2023-11-18;15.5;6.0;76;0;0.7
2023-11-19;15.1;5.8;87;14.1;0.2
2023-11-20;19.1;7.7;74;17.3;0.6
2023-11-21;18.1;7.2;84;21.5;0.2
2023-11-22;15.0;5.6;81;0;1.2
2023-11-23;16.3;6.2;76;0;0.1
2023-11-24;15.8;5.9;79;0;0.2
2023-11-25;13.1;4.5;86;13.4;0
2023-11-26;14.7;5.3;87;0;1.1
2023-11-27;14.7;5.2;86;0;0
2023-11-28;15.4;5.6;81;0;0.1
2023-11-29;15.4;5.5;82;0;1.2
2023-11-30;14.8;5.2;84;1.4;1.0
2023-12-01;16.8;6.1;90;21.0;0
2023-12-02;14.8;5.1;78;0;0
2023-12-03;15.8;5.6;90;13.2;0.9
2023-12-04;16.2;5.8;90;22.9;0
2023-12-05;13.3;4.3;90;0;0.9
2023-12-06;15.0;5.2;80;5.9;0.4
2023-12-07;17.2;6.2;86;0;0
2023-12-08;13.0;4.1;77;0;0
2023-12-09;12.4;3.8;90;18.9;0
2023-12-10;14.2;4.7;90;0;0.7
2023-12-11;17.2;6.2;90;6.8;0
2023-12-12;14.8;4.9;90;17.5;0.8
2023-12-13;15.9;5.5;85;20.0;0
2023-12-14;14.5;4.8;90;0;0
2023-12-15;13.4;4.2;76;22.0;0
2023-12-16;15.2;5.1;90;0;0.5
2023-12-17;17.9;6.5;87;1.8;0.6
2023-12-18;12.5;3.7;81;0;0
2023-12-19;12.5;3.7;82;0;0.1
2023-12-20;15.4;5.2;84;0;0.2
2023-12-21;17.2;6.1;85;0;0.3
2023-12-22;16.2;5.6;90;0;1.0
2023-12-23;12.2;3.6;82;0;0.9
2023-12-24;15.2;5.1;76;13.8;0.3
2023-12-25;17.5;6.3;83;0;0
2023-12-26;13.9;4.5;88;0;0.4
2023-12-27;12.1;3.6;86;0;0
2023-12-28;17.1;6.1;80;13.8;0.6
2023-12-29;14.0;4.6;86;4.3;0.6
2023-12-30;12.3;3.7;83;3.4;0
2023-12-31;12.9;4.0;75;0;0.1
2024-01-01;16.0;5.6;76;9.9;0
2024-01-02;12.7;4.0;80;0;0.2
2024-01-03;14.0;4.6;75;2.7;0
2024-01-04;15.6;5.5;90;0;0.9
2024-01-05;16.2;5.8;90;16.3;0.7
2024-01-06;16.8;6.1;87;21.1;0.7
2024-01-07;14.8;5.1;75;0;0
2024-01-08;14.9;5.2;85;15.5;0
2024-01-09;14.2;4.9;80;0;0.1
2024-01-10;17.8;6.7;76;0;0.9
2024-01-11;15.5;5.6;90;0;0
2024-01-12;13.9;4.9;80;1.3;1.1
2024-01-13;16.0;5.9;79;17.1;0
2024-01-14;15.9;5.9;90;0;0.1
2024-01-15;15.2;5.6;87;0;0.3
2024-01-16;19.0;7.5;77;17.3;1.1
2024-01-17;16.7;6.4;80;0;1.6
2024-01-18;15.3;5.8;90;3.5;1.2
2024-01-19;13.8;5.1;86;22.9;1.1
2024-01-20;18.4;7.4;89;24.3;1.4
2024-01-21;15.7;6.1;75;0;0.1
2024-01-22;19.4;8.0;75;2.4;1.4
2024-01-23;17.2;6.9;89;4.8;0.9
2024-01-24;16.8;6.8;75;0;0.2
2024-01-25;14.8;5.8;90;13.3;1.3
2024-01-26;17.2;7.1;73;0.4;0.9
2024-01-27;18.4;7.8;83;0;0.1
2024-01-28;19.0;8.1;78;0;0.9
2024-01-29;16.2;6.8;80;12.5;0.7
2024-01-30;20.2;8.8;80;18.7;2.2
2024-01-31;20.3;8.9;76;10.7;0.3
2024-02-01;20.3;9.0;75;0;2.2
2024-02-02;18.9;8.3;73;0;0.8
2024-02-03;19.5;8.7;83;0;2.4
2024-02-04;19.9;9.0;71;0;0.5
2024-02-05;20.0;9.1;73;13.6;2.3
2024-02-06;18.2;8.2;86;0;0.6
2024-02-07;16.4;7.4;76;17.7;1.4
2024-02-08;20.6;9.6;88;22.4;1.4
2024-02-09;19.9;9.2;89;0;1.8
2024-02-10;16.2;7.5;81;0;1.0
2024-02-11;20.2;9.6;77;0;1.6
2024-02-12;21.6;10.3;70;0.5;2.3
2024-02-13;16.4;7.8;69;15.4;1.5
2024-02-14;17.5;8.4;72;0;2.6
2024-02-15;18.8;9.1;86;0;1.9
2024-02-16;18.9;9.2;87;0;2.7
2024-02-17;17.5;8.6;83;2.7;2.1
2024-02-18;20.4;10.1;78;5.0;2.8
2024-02-19;18.4;9.2;83;0;3.3
2024-02-20;19.0;9.6;84;0;3.5
2024-02-21;17.7;9.0;77;0;2.0
2024-02-22;21.1;10.8;75;17.2;2.3
2024-02-23;20.4;10.5;86;0;2.0
2024-02-24;18.8;9.8;72;0;3.4
2024-02-25;21.0;11.0;78;0;3.1
2024-02-26;23.5;12.3;66;0;3.2
2024-02-27;24.2;12.8;66;0;2.2
2024-02-28;23.6;12.5;72;0;3.6
2024-02-29;19.5;10.6;72;0;2.6
2024-03-01;21.3;11.5;65;0;2.8
2024-03-02;22.2;12.1;66;0;3.2
2024-03-03;20.3;11.2;78;12.8;3.2
2024-03-04;23.3;12.8;69;0;4.4
2024-03-05;21.1;11.8;72;0;3.5
2024-03-06;24.2;13.4;68;5.3;3.8
2024-03-07;21.0;11.9;74;2.4;3.1
2024-03-08;22.5;12.7;77;0;3.7
2024-03-09;22.9;13.0;68;0;4.2
2024-03-10;25.9;14.6;65;0;4.4
2024-03-11;24.1;13.8;72;12.3;5.0
2024-03-12;22.6;13.1;74;19.5;4.2
2024-03-13;22.6;13.2;64;11.1;4.2
2024-03-14;21.5;12.7;75;15.9;5.1
2024-03-15;26.4;15.3;76;21.1;4.8
2024-03-16;23.6;14.0;73;0;3.7
2024-03-17;24.9;14.7;78;0;5.1
2024-03-18;23.5;14.1;79;0;4.4
2024-03-19;26.7;15.8;63;16.4;4.5
2024-03-20;27.2;16.1;67;0;5.7
2024-03-21;22.7;13.9;73;0;4.5
2024-03-22;23.1;14.2;75;0.5;5.3
2024-03-23;24.8;15.2;73;0;4.9
2024-03-24;26.5;16.1;62;0.5;4.5
2024-03-25;27.5;16.7;62;9.4;6.1
2024-03-26;28.0;17.0;65;7.6;5.9
2024-03-27;27.1;16.7;64;0;5.7
2024-03-28;24.3;15.3;67;15.9;5.5
2024-03-29;25.6;16.1;71;0;6.4
2024-03-30;27.8;17.3;75;0;5.4
2024-03-31;24.5;15.7;75;0;5.8
2024-04-01;29.1;18.1;61;0;5.5
2024-04-02;29.3;18.3;62;0;6.3
2024-04-03;26.2;16.8;75;0;6.7
2024-04-04;26.0;16.8;67;0;6.8
2024-04-05;29.3;18.5;70;0;6.4
2024-04-06;26.5;17.2;75;0;6.7
2024-04-07;25.9;17.0;60;4.6;6.4
2024-04-08;25.3;16.8;58;0;7.0
2024-04-09;25.6;17.0;59;0;5.9
2024-04-10;30.2;19.4;66;3.2;7.7
2024-04-11;28.4;18.5;62;0;7.2
2024-04-12;27.6;18.2;70;0;6.0
2024-04-13;30.7;19.9;57;4.8;7.5
2024-04-14;26.9;18.0;55;0;7.5
2024-04-15;29.9;19.6;65;0;6.9
2024-04-16;28.7;19.1;60;0;7.5
2024-04-17;27.8;18.7;65;0;7.5
2024-04-18;29.0;19.4;61;0;6.4
2024-04-19;29.8;19.9;67;0;6.6
2024-04-20;28.6;19.4;67;0;7.9
2024-04-21;31.4;20.8;69;0;8.0
2024-04-22;30.0;20.2;54;7.0;8.3
2024-04-23;28.6;19.6;68;0;6.9
2024-04-24;33.4;22.0;66;0;7.9
2024-04-25;31.6;21.2;59;5.4;8.8
2024-04-26;32.7;21.8;65;0;7.3
2024-04-27;30.7;20.9;69;0;8.4
2024-04-28;30.6;20.9;63;0;7.2
2024-04-29;32.6;22.0;52;0;8.4
2024-04-30;30.6;21.0;55;0;8.1
2024-05-01;31.8;21.7;56;0;7.9
2024-05-02;34.0;22.9;61;0;8.5
2024-05-03;33.1;22.5;56;0;8.3
2024-05-04;30.0;21.0;60;0;8.3
2024-05-05;31.5;21.8;63;0;7.7
2024-05-06;30.1;21.2;67;0;7.8
2024-05-07;33.7;23.0;69;0;9.0
2024-05-08;34.0;23.2;65;0;8.9
2024-05-09;31.1;21.8;62;12.9;9.7
2024-05-10;31.0;21.9;49;5.8;7.9
2024-05-11;33.8;23.3;66;0;8.9
2024-05-12;34.2;23.6;59;0;9.5
2024-05-13;31.0;22.0;49;0;8.6
2024-05-14;33.6;23.4;54;0;8.3
2024-05-15;34.1;23.7;62;0;9.7
2024-05-16;31.3;22.3;62;0;9.3
2024-05-17;35.0;24.2;49;6.1;8.7
2024-05-18;30.9;22.2;66;0;9.8
2024-05-19;30.6;22.1;60;0;9.4
2024-05-20;36.0;24.8;48;0;9.9
2024-05-21;31.1;22.4;60;0;10.2
2024-05-22;32.7;23.3;58;10.9;9.9
2024-05-23;34.9;24.4;62;0;10.5
2024-05-24;36.5;25.2;62;0;9.8
2024-05-25;35.4;24.8;58;0;9.9
2024-05-26;34.2;24.2;47;0;9.1
2024-05-27;35.6;24.9;47;0;10.1
2024-05-28;35.3;24.8;47;6.1;10.2
2024-05-29;36.9;25.6;57;0;10.1
2024-05-30;31.4;22.9;60;0;10.1
2024-05-31;35.1;24.8;46;0;10.1
2024-06-01;37.1;25.8;46;0;9.6
2024-06-02;37.0;25.8;61;0;9.5
2024-06-03;34.7;24.6;54;2.1;10.5
2024-06-04;33.7;24.2;60;0;9.0
2024-06-05;36.6;25.7;49;0;10.3
2024-06-06;36.4;25.6;60;5.5;9.0
2024-06-07;34.3;24.5;46;0;10.2
2024-06-08;36.1;25.5;52;0;9.2
2024-06-09;35.4;25.1;48;0;9.4
2024-06-10;37.8;26.3;55;0;10.9
2024-06-11;36.8;25.8;60;0;9.9
2024-06-12;33.5;24.2;54;0;9.7
2024-06-13;37.1;26.0;59;0;9.5
2024-06-14;36.3;25.6;49;0;10.5
2024-06-15;37.9;26.4;55;0;10.5
2024-06-16;34.0;24.5;51;0;9.3
2024-06-17;36.6;25.8;55;0;9.8
2024-06-18;37.6;26.3;53;0;10.3
2024-06-19;34.2;24.6;58;0;10.2
2024-06-20;33.8;24.4;61;3.8;10.9
2024-06-21;33.1;24.0;49;0;9.4
2024-06-22;35.0;25.0;58;0;10.5
2024-06-23;36.6;25.8;48;0;10.5
2024-06-24;36.1;25.6;49;0;9.5
2024-06-25;36.2;25.6;54;0;10.1
2024-06-26;37.6;26.3;47;0;10.6
2024-06-27;32.4;23.6;49;0;9.9
2024-06-28;37.7;26.3;47;0;9.5
2024-06-29;34.6;24.7;57;0;10.2
2024-06-30;33.1;24.0;65;6.5;9.7
2024-07-01;35.6;25.2;55;0;9.6
2024-07-02;33.3;24.0;56;0;10.0
2024-07-03;35.8;25.2;55;0;9.8
2024-07-04;35.8;25.2;60;0;10.4
2024-07-05;32.3;23.5;65;0;9.9
2024-07-06;36.7;25.6;49;0;9.6
2024-07-07;32.7;23.6;49;0;9.8
2024-07-08;36.2;25.3;63;0;10.4
2024-07-09;32.4;23.4;63;0;10.6
2024-07-10;33.7;24.1;66;0;9.0
2024-07-11;32.8;23.6;64;0;9.0
2024-07-12;36.8;25.5;60;0;10.3
2024-07-13;33.4;23.8;51;0;8.7
2024-07-14;31.3;22.7;60;0;8.7
2024-07-15;36.9;25.5;61;0;10.2
2024-07-16;36.8;25.4;63;0;10.1
2024-07-17;36.8;25.3;54;0;9.4
2024-07-18;31.9;22.8;49;0;8.6
2024-07-19;31.6;22.6;48;0;10.0
2024-07-20;31.1;22.4;67;0;10.1
2024-07-21;35.8;24.7;52;0;10.2
2024-07-22;33.3;23.4;66;0;9.1
2024-07-23;32.6;23.0;51;0;9.3
2024-07-24;31.5;22.4;57;5.5;9.6
2024-07-25;36.1;24.6;62;0;9.9
2024-07-26;36.0;24.5;53;0;9.9
2024-07-27;30.5;21.7;55;0;8.4
2024-07-28;34.1;23.5;62;0;9.9
2024-07-29;31.7;22.2;58;0;8.5
2024-07-30;32.1;22.4;51;0;8.5
2024-07-31;34.2;23.3;69;0;7.9
2024-08-01;29.9;21.2;58;0;8.5
2024-08-02;35.3;23.8;56;0;9.2
2024-08-03;30.1;21.1;66;0;8.9
2024-08-04;29.3;20.7;60;0;9.2
2024-08-05;33.2;22.5;52;0;7.9
2024-08-06;34.8;23.3;52;0;7.5
2024-08-07;29.8;20.7;66;0;9.3
2024-08-08;32.0;21.8;54;0;8.6
2024-08-09;33.3;22.4;63;0;7.2
2024-08-10;31.2;21.3;53;0;7.8
2024-08-11;31.6;21.4;60;0;8.6
2024-08-12;32.8;21.9;53;0;7.9
2024-08-13;28.3;19.6;61;0;7.3
2024-08-14;28.8;19.8;55;0;7.2
2024-08-15;27.8;19.2;65;0;7.6
2024-08-16;29.8;20.1;71;0;7.4
2024-08-17;28.2;19.2;53;0;7.7
2024-08-18;32.5;21.3;69;0;7.2
2024-08-19;27.1;18.6;71;0;8.3
2024-08-20;30.0;20.0;61;0;8.3
2024-08-21;29.8;19.8;66;0;7.2
2024-08-22;30.7;20.1;64;0;7.1
2024-08-23;31.3;20.3;57;1.0;8.1
2024-08-24;30.1;19.7;72;0;6.1
2024-08-25;30.4;19.8;56;0;6.6
2024-08-26;28.5;18.7;65;0;6.9
2024-08-27;26.6;17.7;72;0;7.0
2024-08-28;26.0;17.3;58;0;7.2
2024-08-29;31.3;19.9;57;0;7.0
2024-08-30;30.8;19.5;68;1.2;7.1
2024-08-31;26.4;17.3;70;0;6.5
2024-09-01;29.0;18.5;74;0;7.4
2024-09-02;29.8;18.8;75;0;6.4
2024-09-03;28.9;18.3;74;0;7.3
2024-09-04;29.0;18.2;64;0;6.4
2024-09-05;26.6;17.0;63;0;6.0
2024-09-06;24.7;15.9;58;0;5.7
2024-09-07;26.7;16.9;76;0;6.9
2024-09-08;26.2;16.5;62;0;6.3
2024-09-09;24.6;15.6;59;0;5.2
2024-09-10;25.5;16.0;59;0;5.6
2024-09-11;25.5;15.9;65;0;6.5
2024-09-12;25.6;15.8;75;0;5.0
2024-09-13;23.2;14.6;64;0;6.0
2024-09-14;27.4;16.6;60;0;6.3
2024-09-15;24.1;14.8;70;0;6.0
2024-09-16;25.6;15.5;68;0;4.4
2024-09-17;22.5;13.9;78;0;4.7
2024-09-18;25.8;15.4;70;0;5.6
2024-09-19;22.1;13.5;70;0;4.1
2024-09-20;22.6;13.7;66;0;5.0
2024-09-21;24.1;14.3;79;0;4.9
2024-09-22;25.9;15.1;70;0;4.5
2024-09-23;21.6;12.9;73;0;3.8
2024-09-24;22.7;13.4;78;0;5.1
2024-09-25;21.9;12.9;67;0;4.8
2024-09-26;22.8;13.2;66;0;4.8
2024-09-27;24.4;14.0;72;0;4.7
2024-09-28;23.9;13.6;64;0;5.1
2024-09-29;21.7;12.5;77;0;4.5
2024-09-30;23.2;13.1;78;0;3.1
2024-10-01;22.8;12.9;74;0;4.0
2024-10-02;23.0;12.9;75;0;3.4
2024-10-03;22.9;12.7;72;0;3.5
2024-10-04;21.9;12.1;80;0;3.4
2024-10-05;21.4;11.8;82;0;4.3
2024-10-06;24.0;13.0;69;11.8;3.6
2024-10-07;20.6;11.2;68;0;3.2
2024-10-08;21.6;11.7;66;13.7;4.0
2024-10-09;24.4;13.0;74;0;2.9
2024-10-10;20.5;11.0;73;0;3.3
2024-10-11;21.4;11.3;82;0;3.3
2024-10-12;19.3;10.2;72;0;3.6
2024-10-13;18.4;9.6;72;0;2.2
2024-10-14;20.0;10.4;80;0;2.3
2024-10-15;19.4;10.0;72;0;3.2
2024-10-16;22.0;11.2;76;0;2.3
2024-10-17;22.9;11.6;79;0;1.9
2024-10-18;18.1;9.1;69;0;2.4
2024-10-19;17.3;8.7;71;0;2.8
2024-10-20;19.7;9.8;86;0;2.5
2024-10-21;22.2;11.0;76;0;1.9
2024-10-22;21.8;10.7;75;14.5;3.3
2024-10-23;22.3;10.9;81;0;1.3
2024-10-24;18.9;9.1;72;0;1.7
2024-10-25;19.3;9.2;75;0;1.2
2024-10-26;19.2;9.1;83;9.6;1.9
2024-10-27;21.0;9.9;78;4.6;1.3
2024-10-28;17.1;7.9;70;1.5;2.1
2024-10-29;16.0;7.3;88;0;2.5
2024-10-30;16.5;7.5;84;0;2.4
2024-10-31;20.3;9.3;75;0;0.7
2024-11-01;20.1;9.2;71;22.0;1.1
2024-11-02;17.0;7.5;89;14.5;2.4
2024-11-03;18.7;8.3;80;0;1.1
2024-11-04;16.6;7.2;89;1.2;0.7
2024-11-05;17.8;7.7;78;17.3;2.0
2024-11-06;20.3;8.9;72;15.2;0.6
2024-11-07;18.4;7.9;89;0;1.0
2024-11-08;19.0;8.2;73;13.0;1.7
2024-11-09;14.7;6.0;82;9.0;1.6
2024-11-10;18.9;8.0;86;8.1;1.1
2024-11-11;15.4;6.2;79;0;1.8
2024-11-12;18.3;7.6;82;0;0.4
2024-11-13;14.2;5.5;82;22.3;0.8
2024-11-14;18.3;7.5;76;0;0.2
2024-11-15;18.7;7.7;86;0;0.4
2024-11-16;16.3;6.4;88;0;0.7
2024-11-17;18.2;7.4;75;0;1.0
2024-11-18;17.6;7.0;84;12.3;1.4
2024-11-19;17.6;7.0;90;0;0
2024-11-20;17.9;7.0;81;0;0.7
2024-11-21;14.1;5.1;73;0;0.0
2024-11-22;16.2;6.1;86;14.3;0.5
2024-11-23;13.1;4.6;84;0;0.5
2024-11-24;13.5;4.7;90;0.7;0
2024-11-25;14.7;5.3;83;11.1;0.9
2024-11-26;13.9;4.8;85;0;0
2024-11-27;16.2;5.9;76;0;1.2
2024-11-28;13.6;4.6;82;0;0.3
2024-11-29;17.9;6.7;76;13.7;0
2024-11-30;16.8;6.2;90;16.6;0.5
2024-12-01;13.6;4.5;88;0;0.4
2024-12-02;13.5;4.5;82;0;0.3
2024-12-03;18.3;6.8;76;0;0.8
2024-12-04;15.3;5.3;86;0;0.9
2024-12-05;16.5;5.9;90;0;0.6
2024-12-06;17.1;6.1;76;0;0.1
2024-12-07;17.0;6.1;90;10.0;0
2024-12-08;14.4;4.8;90;8.3;0.0
2024-12-09;17.6;6.4;84;21.4;0
2024-12-10;18.0;6.6;78;0;0.4
2024-12-11;12.2;3.6;90;0;0
2024-12-12;16.6;5.9;90;0;0.4
2024-12-13;15.8;5.4;82;0;0.5
2024-12-14;15.2;5.1;86;0;0
2024-12-15;12.4;3.7;87;24.0;0
2024-12-16;12.8;3.9;85;0;0.6
2024-12-17;17.5;6.2;81;0;0
2024-12-18;15.1;5.0;78;0;0.2
2024-12-19;12.1;3.5;82;0;0.9
2024-12-20;13.7;4.3;77;6.6;0
2024-12-21;15.7;5.3;83;17.1;0.8
2024-12-22;16.2;5.6;90;0;0.9
2024-12-23;14.1;4.6;89;0;0
2024-12-24;12.3;3.7;88;0;0.6
2024-12-25;16.0;5.5;90;20.8;0.3
2024-12-26;16.3;5.7;90;18.7;0
2024-12-27;15.9;5.5;90;10.9;0
2024-12-28;14.6;4.9;76;11.8;1.0
2024-12-29;13.4;4.3;90;0;0.3
2024-12-30;17.3;6.2;87;0;0.2
2024-12-31;16.4;5.8;90;0;0.1
2025-01-01;15.8;5.5;76;0;0
2025-01-02;13.3;4.3;79;20.0;0
2025-01-03;13.8;4.6;79;0;0
2025-01-04;17.0;6.2;81;0;1.1
2025-01-05;18.2;6.8;80;0;0
2025-01-06;18.4;6.9;79;0;1.2
2025-01-07;17.0;6.3;81;11.8;0
2025-01-08;16.7;6.1;75;0;0.9
2025-01-09;13.2;4.4;76;2.6;0.2
2025-01-10;14.0;4.9;81;18.2;0.8
2025-01-11;17.5;6.6;84;0;0.3
2025-01-12;14.8;5.3;83;0;1.3
2025-01-13;16.9;6.4;83;0;0.1
2025-01-14;17.2;6.6;87;0;0
2025-01-15;18.7;7.4;90;0.0;0.7
2025-01-16;13.8;5.0;88;0;1.5
2025-01-17;18.4;7.3;80;20.8;0.8
2025-01-18;14.0;5.1;86;0;1.1
2025-01-19;15.2;5.8;79;0;0.3
2025-01-20;17.8;7.1;74;0;0.2
2025-01-21;17.4;7.0;90;0;1.2
2025-01-22;15.7;6.2;75;22.6;0.9
2025-01-23;16.8;6.7;77;2.3;1.0
2025-01-24;13.9;5.3;76;0;1.3
2025-01-25;18.2;7.5;79;0;1.1
2025-01-26;19.8;8.4;79;0;0.6
2025-01-27;18.1;7.6;78;17.1;0.9
2025-01-28;15.9;6.5;88;0;1.5
2025-01-29;16.7;7.0;80;0;1.7
2025-01-30;17.6;7.5;90;0;2.1
2025-01-31;19.9;8.7;84;0;1.4
2025-02-01;15.4;6.5;83;0;1.9
2025-02-02;16.1;6.9;77;0;2.1
2025-02-03;17.7;7.8;74;0;0.9
2025-02-04;19.0;8.5;87;0;1.4
2025-02-05;20.7;9.4;89;12.8;1.6
2025-02-06;18.7;8.5;82;0;0.8
2025-02-07;19.3;8.8;87;7.8;2.6
2025-02-08;18.0;8.3;77;0;1.4
2025-02-09;19.9;9.3;88;3.0;2.4
2025-02-10;17.7;8.3;87;0;1.8
2025-02-11;21.0;10.0;77;11.6;1.8
2025-02-12;19.1;9.1;74;0;2.3
2025-02-13;20.7;9.9;74;0;1.7
2025-02-14;19.1;9.2;76;0;2.6
2025-02-15;19.5;9.5;69;0;2.3
2025-02-16;18.2;8.9;82;0;3.0
2025-02-17;20.2;10.0;74;23.8;3.0
2025-02-18;19.2;9.6;68;0;2.2
2025-02-19;17.7;8.9;87;0;3.1
2025-02-20;17.7;8.9;80;0;2.0
2025-02-21;17.6;9.0;72;0;2.5
2025-02-22;18.1;9.3;86;4.2;2.4
2025-02-23;19.3;10.0;69;1.5;3.6
2025-02-24;18.1;9.5;74;0;2.0
2025-02-25;20.8;10.9;81;0;2.9
2025-02-26;23.1;12.1;76;0;2.9
2025-02-27;20.6;11.0;74;0;4.0
2025-02-28;20.1;10.8;67;22.9;3.6
2025-03-01;22.5;12.1;73;0;4.2
2025-03-02;22.2;12.0;66;0;4.3
2025-03-03;22.1;12.0;76;3.3;3.7
2025-03-04;22.9;12.5;80;17.7;2.7
2025-03-05;21.3;11.8;67;0;2.8
2025-03-06;21.7;12.1;80;0;3.5
2025-03-07;25.1;13.9;67;0;4.1
2025-03-08;24.0;13.4;66;0;3.5
2025-03-09;21.0;12.0;69;0;4.0
2025-03-10;22.9;13.0;63;11.4;3.7
2025-03-11;21.4;12.4;72;8.7;4.3
2025-03-12;23.8;13.6;75;18.9;3.8
2025-03-13;22.3;12.9;67;24.8;4.5
2025-03-14;22.3;13.0;72;0;4.2
2025-03-15;21.2;12.6;64;0;4.8
2025-03-16;23.3;13.7;73;2.2;5.2
2025-03-17;23.6;14.0;67;0;5.1
2025-03-18;24.0;14.2;74;23.4;3.8
2025-03-19;26.5;15.6;67;0;4.7
2025-03-20;23.7;14.2;80;0;5.1
2025-03-21;27.8;16.4;65;0;4.2
2025-03-22;25.6;15.4;71;0;5.7
2025-03-23;26.9;16.1;66;0;5.4
2025-03-24;25.5;15.5;77;18.2;4.7
2025-03-25;24.8;15.3;72;12.5;4.6
2025-03-26;26.5;16.2;70;12.2;4.7
2025-03-27;28.0;17.0;66;0;4.9
2025-03-28;27.4;16.8;72;0;6.3
2025-03-29;26.8;16.6;72;15.1;5.4
2025-03-30;25.2;15.9;72;12.6;4.8
2025-03-31;25.8;16.3;70;0;5.1
2025-04-01;26.0;16.4;75;0;5.9
2025-04-02;28.5;17.8;74;0;6.0
2025-04-03;25.8;16.5;63;0;5.7
2025-04-04;28.5;17.9;67;0;6.6
2025-04-05;27.2;17.4;64;0;6.2
2025-04-06;26.6;17.2;65;0;6.3
2025-04-07;26.6;17.2;60;13.8;5.6
2025-04-08;29.9;19.0;59;0;6.8
2025-04-09;29.2;18.7;60;0;6.0
2025-04-10;27.9;18.2;62;0;6.9
2025-04-11;26.1;17.3;66;0;6.2
2025-04-12;26.8;17.7;69;0;6.0
2025-04-13;26.3;17.6;67;0;7.4
2025-04-14;26.8;17.9;67;0;6.5
2025-04-15;29.3;19.2;71;0;8.0
2025-04-16;30.5;19.9;61;0;7.1
2025-04-17;31.8;20.6;63;5.2;6.8
2025-04-18;28.6;19.1;62;0;7.3
2025-04-19;32.6;21.2;69;14.5;7.1
2025-04-20;31.2;20.6;56;0;7.7
2025-04-21;27.6;18.8;67;0;6.7
2025-04-22;33.0;21.6;54;0;8.0
2025-04-23;31.7;21.1;56;0;7.2
2025-04-24;33.3;21.9;68;0;8.5
2025-04-25;29.9;20.3;52;0;7.8
2025-04-26;28.0;19.4;60;0;7.8
2025-04-27;31.5;21.2;59;2.9;7.0
2025-04-28;28.6;19.8;71;0;8.5
2025-04-29;31.2;21.2;65;0;8.9
2025-04-30;34.1;22.7;57;14.1;8.8
2025-05-01;33.8;22.7;66;0;7.6
2025-05-02;30.3;21.0;63;0;7.7
2025-05-03;29.5;20.6;53;0;8.1
2025-05-04;29.4;20.6;59;0;8.4
2025-05-05;31.8;21.9;50;0;9.5
2025-05-06;30.7;21.4;54;4.6;9.3
2025-05-07;31.8;22.0;53;0;9.1
2025-05-08;29.7;21.0;54;0;9.6
2025-05-09;30.5;21.5;63;0;9.3
2025-05-10;29.7;21.2;53;0;9.4
2025-05-11;33.2;22.9;51;0;8.4
2025-05-12;35.5;24.1;66;0;8.5
2025-05-13;33.6;23.2;60;0;9.9
2025-05-14;30.9;21.9;52;0;9.3
2025-05-15;34.0;23.6;65;0;8.8
2025-05-16;33.3;23.3;60;0;8.5
2025-05-17;32.9;23.1;64;0;8.3
2025-05-18;35.6;24.5;56;0;8.7
2025-05-19;33.4;23.5;55;0;9.0
2025-05-20;33.5;23.5;49;0;9.9
2025-05-21;33.9;23.8;65;11.9;8.9
2025-05-22;30.9;22.3;62;0;9.4
2025-05-23;33.2;23.5;51;0;8.6
2025-05-24;36.8;25.3;49;0;9.3
2025-05-25;37.0;25.5;48;0;10.2
2025-05-26;33.6;23.8;59;0;9.7
2025-05-27;35.6;24.9;47;0;8.7
2025-05-28;31.7;22.9;52;0;10.4
2025-05-29;33.9;24.1;58;0;9.3
2025-05-30;32.0;23.2;64;10.8;9.9
2025-05-31;36.5;25.4;48;0;8.8
2025-06-01;31.8;23.1;49;0;10.7
2025-06-02;34.2;24.4;60;0;10.4
2025-06-03;35.5;25.0;56;0;8.9
2025-06-04;33.5;24.1;61;0;8.8
2025-06-05;33.0;23.8;57;0;9.0
2025-06-06;35.2;24.9;60;0;10.5
2025-06-07;34.6;24.7;58;0;10.1
2025-06-08;37.5;26.2;57;0;10.5
2025-06-09;34.8;24.8;48;0;10.6
2025-06-10;32.6;23.7;55;0;10.7
2025-06-11;34.0;24.4;62;0;9.9
2025-06-12;37.7;26.3;57;0;10.1
2025-06-13;32.2;23.5;52;0;10.6
2025-06-14;36.5;25.7;60;0;9.3
2025-06-15;33.7;24.3;57;0;9.8
2025-06-16;34.4;24.7;59;0;10.9
2025-06-17;35.5;25.2;60;0;9.4
2025-06-18;33.9;24.4;46;0;9.6
2025-06-19;35.9;25.5;53;0;9.7
2025-06-20;35.2;25.1;57;0;9.9
2025-06-21;35.8;25.4;48;0;9.2
2025-06-22;33.6;24.3;63;0;10.8
2025-06-23;32.4;23.7;53;0;9.3
2025-06-24;33.3;24.1;45;5.7;9.8
2025-06-25;35.8;25.4;56;0;10.4
2025-06-26;35.4;25.2;56;0;9.8
2025-06-27;32.4;23.7;51;0;9.4
2025-06-28;32.9;23.9;48;1.6;9.9
2025-06-29;37.5;26.2;50;0;9.3
2025-06-30;32.8;23.9;60;0;10.2
2025-07-01;36.5;25.7;59;0;10.7
2025-07-02;36.4;25.6;60;0;8.9
2025-07-03;36.3;25.5;61;0;9.5
2025-07-04;37.5;26.1;47;0;10.6
2025-07-05;32.6;23.6;61;0;10.3
2025-07-06;36.7;25.7;47;0;9.3
2025-07-07;37.2;25.9;59;0;10.6
2025-07-08;34.1;24.3;58;0;9.8
2025-07-09;37.0;25.7;57;0;10.7
2025-07-10;33.4;23.9;61;0;10.0
2025-07-11;35.6;25.0;61;0;9.7
2025-07-12;37.1;25.7;62;0;9.4
2025-07-13;33.8;24.0;53;0;10.0
2025-07-14;35.9;25.0;47;5.8;10.2
2025-07-15;35.8;24.9;51;0;8.9
2025-07-16;32.8;23.4;55;0;8.5
2025-07-17;31.6;22.8;61;0;9.6
2025-07-18;35.3;24.6;60;0;10.4
2025-07-19;34.0;23.9;66;2.1;8.7
2025-07-20;35.7;24.7;59;0;10.0
2025-07-21;33.1;23.4;57;0;8.5
2025-07-22;35.0;24.3;55;0;9.1
2025-07-23;32.6;23.0;59;0;9.9
2025-07-24;31.1;22.2;53;0;9.0
2025-07-25;34.3;23.8;48;0;10.0
2025-07-26;31.3;22.2;57;0;9.1
2025-07-27;31.1;22.1;56;0;9.0
2025-07-28;34.1;23.5;54;0;8.3
2025-07-29;32.1;22.5;53;0;8.7
2025-07-30;31.5;22.1;62;0;9.3
2025-07-31;31.9;22.3;57;0;8.1
2025-08-01;32.1;22.3;62;0;8.1
2025-08-02;34.0;23.2;62;0;9.0
2025-08-03;35.0;23.7;52;0;9.0
2025-08-04;33.6;22.9;52;0;8.1
2025-08-05;31.7;21.9;68;0;7.7
2025-08-06;32.2;22.1;61;0;8.5
2025-08-07;29.1;20.5;59;0;9.4
2025-08-08;29.7;20.7;69;0;8.9
2025-08-09;30.3;20.9;61;0;8.7
2025-08-10;32.4;21.9;56;0;9.1
2025-08-11;29.5;20.4;60;0;7.4
2025-08-12;34.1;22.6;61;0;7.4
2025-08-13;33.2;22.1;56;0;7.2
2025-08-14;33.6;22.3;52;0;7.0
2025-08-15;32.9;21.8;71;0;8.0
2025-08-16;30.8;20.7;54;0;6.9
2025-08-17;28.7;19.6;62;0;7.1
2025-08-18;29.4;19.8;71;0;7.2
2025-08-19;29.3;19.7;61;0;8.3
2025-08-20;30.9;20.5;60;0;7.9
2025-08-21;27.4;18.6;71;0;7.5
2025-08-22;31.7;20.7;68;0;6.7
2025-08-23;29.8;19.7;54;0;6.6
2025-08-24;28.8;19.1;73;0;7.8
2025-08-25;30.0;19.6;64;0;8.0
2025-08-26;26.5;17.8;65;0;7.5
2025-08-27;31.4;20.2;65;0;7.1
2025-08-28;26.7;17.7;71;0;6.2
2025-08-29;26.8;17.7;60;0;6.5
2025-08-30;28.0;18.2;56;0;7.2
2025-08-31;28.4;18.4;75;0;7.4
2025-09-01;28.6;18.4;63;0;6.6
2025-09-02;26.8;17.4;75;0;6.5
2025-09-03;26.8;17.3;70;2.0;6.9
2025-09-04;27.2;17.4;59;0;6.5
2025-09-05;30.3;18.9;65;0;6.5
2025-09-06;27.3;17.3;70;0;5.9
2025-09-07;24.5;15.8;60;0;5.3
2025-09-08;28.6;17.8;63;0;6.0
2025-09-09;26.9;16.9;67;0.1;5.8
2025-09-10;25.4;16.0;64;0;5.8
2025-09-11;25.8;16.1;68;0;4.9
2025-09-12;25.2;15.7;68;6.9;6.4
2025-09-13;27.2;16.7;67;0;5.9
2025-09-14;25.3;15.6;61;0;4.7
2025-09-15;28.5;17.1;78;0;5.7
2025-09-16;23.7;14.7;61;0;5.9
2025-09-17;25.2;15.3;62;0;5.9
2025-09-18;22.4;13.8;67;0;4.7
2025-09-19;22.3;13.7;69;0;6.0
2025-09-20;26.9;15.9;71;0;5.3
2025-09-21;25.0;14.8;75;0;4.6
2025-09-22;25.2;14.9;64;0;4.1
2025-09-23;24.3;14.4;64;0;4.8
2025-09-24;24.5;14.4;71;0;3.7
2025-09-25;25.6;14.8;72;0;4.4
2025-09-26;21.9;12.9;69;0;4.8
2025-09-27;26.0;14.9;82;0;4.6
2025-09-28;24.6;14.0;78;0;4.8
2025-09-29;25.3;14.3;71;0;3.3
2025-09-30;24.5;13.9;74;0;3.2
2025-10-01;22.4;12.7;66;0;4.4
2025-10-02;25.6;14.2;67;0;4.7
2025-10-03;22.6;12.7;83;0;4.8
2025-10-04;21.3;11.9;71;0;4.2
2025-10-05;25.0;13.7;84;0;2.9
2025-10-06;23.0;12.6;84;14.6;4.4
2025-10-07;22.5;12.3;72;5.3;3.5
2025-10-08;19.2;10.5;65;0;4.2
2025-10-09;22.4;12.0;68;0;3.6
2025-10-10;22.9;12.2;81;0;3.1
2025-10-11;22.2;11.8;70;3.1;4.0
2025-10-12;20.1;10.7;83;0;2.6
2025-10-13;21.9;11.5;70;0;2.6
2025-10-14;20.4;10.6;74;0;3.1
2025-10-15;19.9;10.3;81;0;3.7
2025-10-16;19.1;9.9;69;10.3;2.7
2025-10-17;20.5;10.5;68;0;2.0
2025-10-18;23.0;11.7;71;0;2.7
2025-10-19;18.0;9.1;84;0;1.8
2025-10-20;17.9;8.9;71;13.4;3.1
2025-10-21;18.9;9.4;81;0;2.6
2025-10-22;20.0;9.8;69;0;2.8
2025-10-23;21.3;10.4;72;10.8;2.0
2025-10-24;21.8;10.6;77;0;1.7
